item,itemLabel
http://www.wikidata.org/entity/Q2592149,3 fréres d'une mère un connu
http://www.wikidata.org/entity/Q579199,9 de Julio
http://www.wikidata.org/entity/Q15853,Šempeter pri Gorici
http://www.wikidata.org/entity/Q1249888,Ḍera Ismaīl K͟hān
http://www.wikidata.org/entity/Q2300732,"Łagów, Świętokrzyskie Voivodeship"
http://www.wikidata.org/entity/Q1170305,Aïn El Aouda
http://www.wikidata.org/entity/Q1884227,Ad Dhale'e District
http://www.wikidata.org/entity/Q13455645,administrative city in the Republic of Ireland
http://www.wikidata.org/entity/Q18795368,Adolfo Ruiz Cortines
http://www.wikidata.org/entity/Q2245953,Aguada de Pasajeros
http://www.wikidata.org/entity/Q12241799,Al Hassan Science City
http://www.wikidata.org/entity/Q4118993,Al Misrakh District
http://www.wikidata.org/entity/Q13634887,"Al Qurayn, Egypt"
http://www.wikidata.org/entity/Q46940,Alcalá de Henares
http://www.wikidata.org/entity/Q97648118,Alcalá del Río
http://www.wikidata.org/entity/Q97648125,Alcolea del Rio
http://www.wikidata.org/entity/Q11904922,Alexandria in Orietai
http://www.wikidata.org/entity/Q15156199,Alphen aan den Rijn
http://www.wikidata.org/entity/Q4064121,Amecameca de Juárez
http://www.wikidata.org/entity/Q1863,Andorra la Vella
http://www.wikidata.org/entity/Q22953,Annweiler am Trifels
http://www.wikidata.org/entity/Q66336728,Antiochia ad Sarum
http://www.wikidata.org/entity/Q2307341,"Apolo, La Paz"
http://www.wikidata.org/entity/Q20995230,archaeological site of Carmona
http://www.wikidata.org/entity/Q637863,Arcos de la Frontera
http://www.wikidata.org/entity/Q2861426,Aristóbulo del Valle
http://www.wikidata.org/entity/Q97621954,Arrabales de la ciudad islámica
http://www.wikidata.org/entity/Q1884201,As Salif District
http://www.wikidata.org/entity/Q721678,Ascención de Guarayos
http://www.wikidata.org/entity/Q97644588,Asentamiento romano Mesa de Consuegra
http://www.wikidata.org/entity/Q156974,Ústí nad Labem
http://www.wikidata.org/entity/Q1635908,Atzeneta del Maestrat
http://www.wikidata.org/entity/Q4821345,Augustopolis in Palaestina
http://www.wikidata.org/entity/Q791685,"Aweil, South Sudan"
http://www.wikidata.org/entity/Q175596,Ayoun el Atrous
http://www.wikidata.org/entity/Q54118,"Azul, Buenos Aires Province"
http://www.wikidata.org/entity/Q97617187,Baños de Gigonza
http://www.wikidata.org/entity/Q23835648,BABOR - VILLE
http://www.wikidata.org/entity/Q2749246,Bahía de Caráquez
http://www.wikidata.org/entity/Q2199244,Bajos de Haina
http://www.wikidata.org/entity/Q806082,"Banana, Democratic Republic of the Congo"
http://www.wikidata.org/entity/Q806249,Banda del Río Salí
http://www.wikidata.org/entity/Q9279,Bandar Seri Begawan
http://www.wikidata.org/entity/Q97621948,Barrio de la Villa
http://www.wikidata.org/entity/Q816341,Belén de Escobar
http://www.wikidata.org/entity/Q15273785,Belgian municipality with the title of city
http://www.wikidata.org/entity/Q55855,"Bella Vista, Corrientes"
http://www.wikidata.org/entity/Q524851,Benque Viejo del Carmen
http://www.wikidata.org/entity/Q192508,Bergen op Zoom
http://www.wikidata.org/entity/Q399139,Biograd na Moru
http://www.wikidata.org/entity/Q888971,Bocas del Toro
http://www.wikidata.org/entity/Q544733,Bordj Bou Arréridj
http://www.wikidata.org/entity/Q1043090,Borg El Arab
http://www.wikidata.org/entity/Q97620135,Botica nº 6
http://www.wikidata.org/entity/Q2922134,Boulogne Sur Mer
http://www.wikidata.org/entity/Q131128,Braunau am Inn
http://www.wikidata.org/entity/Q1022488,Brighton and Hove
http://www.wikidata.org/entity/Q251929,"Bunagana, Democratic Republic of the Congo"
http://www.wikidata.org/entity/Q104671462,"Byzantine Tower, Cyrene"
http://www.wikidata.org/entity/Q44210,"Córdoba, Córdoba Province"
http://www.wikidata.org/entity/Q971555,Cañada de Gómez
http://www.wikidata.org/entity/Q1020776,Cabo San Lucas
http://www.wikidata.org/entity/Q527268,"Caguas, Puerto Rico"
http://www.wikidata.org/entity/Q97625608,Calle Maese Luis nº 20
http://www.wikidata.org/entity/Q97634144,Camino de las Monjas 5
http://www.wikidata.org/entity/Q954186,"Campbelltown, New South Wales"
http://www.wikidata.org/entity/Q24012279,Cangas de Onís
http://www.wikidata.org/entity/Q1020576,Capilla del Monte
http://www.wikidata.org/entity/Q34843301,capital of county in Romania
http://www.wikidata.org/entity/Q230368,Caravaca de la Cruz
http://www.wikidata.org/entity/Q603146,Carlos Manuel de Céspedes
http://www.wikidata.org/entity/Q97616365,Carpintería Baja nº9
http://www.wikidata.org/entity/Q97620145,Casa del Obispo
http://www.wikidata.org/entity/Q15092,Castelló de la Plana
http://www.wikidata.org/entity/Q6737,Castellammare di Stabia
http://www.wikidata.org/entity/Q97645548,Castilleja de la Cuesta
http://www.wikidata.org/entity/Q97631223,Castillo de Alcalá la Real
http://www.wikidata.org/entity/Q2725457,Catia La Mar
http://www.wikidata.org/entity/Q428006,"Catlin, New York"
http://www.wikidata.org/entity/Q9712078,Caucaia do Alto
http://www.wikidata.org/entity/Q748590,"Cedros, Francisco Morazán"
http://www.wikidata.org/entity/Q1054191,Centre de Flacq
http://www.wikidata.org/entity/Q97643032,Centro Histórico de Lebrija
http://www.wikidata.org/entity/Q97650902,Centro Histórico de Utrera
http://www.wikidata.org/entity/Q97622912,Cercadilla. Unidad A
http://www.wikidata.org/entity/Q97622913,Cercadilla. Unidad B
http://www.wikidata.org/entity/Q97623002,Cerro de la Zarzuela
http://www.wikidata.org/entity/Q97635649,Cerro de las Cabezas I
http://www.wikidata.org/entity/Q3867196,Cerro de los Infantes
http://www.wikidata.org/entity/Q674320,Cerro de Pasco
http://www.wikidata.org/entity/Q97632047,Cerro del Alcázar
http://www.wikidata.org/entity/Q97643219,Cerro del Castillo
http://www.wikidata.org/entity/Q97647204,Cerro del Cincho
http://www.wikidata.org/entity/Q97623588,Cerro del Minguillar
http://www.wikidata.org/entity/Q97628361,Cerro del Moro
http://www.wikidata.org/entity/Q97605270,Cerro del Real
http://www.wikidata.org/entity/Q97629568,Cerro Maquiz y Necrópolis de Los Chorrillos
http://www.wikidata.org/entity/Q1962104,Chalco de Díaz Covarrubias
http://www.wikidata.org/entity/Q10923028,"Chang'an, Tang Empire"
http://www.wikidata.org/entity/Q17449251,Chavín de Huántar
http://www.wikidata.org/entity/Q104656158,"Christian Catacomb, Sabratha"
http://www.wikidata.org/entity/Q115465,Ciego de Ávila
http://www.wikidata.org/entity/Q11422368,city for international conferences and tourism
http://www.wikidata.org/entity/Q55440238,city in Alberta
http://www.wikidata.org/entity/Q25412763,city in Chile
http://www.wikidata.org/entity/Q63209072,city in Colombia
http://www.wikidata.org/entity/Q29556224,city in Cyprus
http://www.wikidata.org/entity/Q63208468,city in Ecuador
http://www.wikidata.org/entity/Q63208555,city in Gabon
http://www.wikidata.org/entity/Q3559227,City in Ireland
http://www.wikidata.org/entity/Q5770918,city of Argentina
http://www.wikidata.org/entity/Q239,City of Brussels
http://www.wikidata.org/entity/Q1185115,City of Cape Town
http://www.wikidata.org/entity/Q753590,City of Griffith
http://www.wikidata.org/entity/Q58339717,city of India
http://www.wikidata.org/entity/Q494721,city of Japan
http://www.wikidata.org/entity/Q2346838,City of Johannesburg Metropolitan Municipality
http://www.wikidata.org/entity/Q753599,City of Lismore
http://www.wikidata.org/entity/Q23311,City of London
http://www.wikidata.org/entity/Q34986717,city of Malaysia
http://www.wikidata.org/entity/Q1919098,City of Melbourne
http://www.wikidata.org/entity/Q28659128,city of North Korea
http://www.wikidata.org/entity/Q60572327,City of Peace Egypt
http://www.wikidata.org/entity/Q15647906,city of Portugal
http://www.wikidata.org/entity/Q54935504,city of Switzerland
http://www.wikidata.org/entity/Q104157,city of the Philippines
http://www.wikidata.org/entity/Q1093829,city of the United States
http://www.wikidata.org/entity/Q12102963,city specifically designated in the state plan
http://www.wikidata.org/entity/Q1867820,City status in the United Kingdom
http://www.wikidata.org/entity/Q15584664,city under municipality jurisdiction in Latvia
http://www.wikidata.org/entity/Q15127838,city under state jurisdiction in Latvia
http://www.wikidata.org/entity/Q925381,city with powiat rights
http://www.wikidata.org/entity/Q896881,city with tens of thousands of inhabitants
http://www.wikidata.org/entity/Q20229329,Ciudad de Chiautla de Tapia
http://www.wikidata.org/entity/Q869403,Ciudad de la Costa
http://www.wikidata.org/entity/Q1140136,Ciudad de la Paz
http://www.wikidata.org/entity/Q991435,Ciudad del Carmen
http://www.wikidata.org/entity/Q192235,Ciudad del Este
http://www.wikidata.org/entity/Q3721297,Ciudad Jardín El Libertador
http://www.wikidata.org/entity/Q1962087,Ciudad Nicolás Romero
http://www.wikidata.org/entity/Q5124162,Ciudad Residencial Tiempo Libre
http://www.wikidata.org/entity/Q4674175,Ciudad romana de Acinipo
http://www.wikidata.org/entity/Q5702349,Ciudad romana de Aratispi
http://www.wikidata.org/entity/Q97645794,Ciudad romana de Celti
http://www.wikidata.org/entity/Q97645792,Ciudad romana de Salpensa
http://www.wikidata.org/entity/Q6129295,Ciudad romana de Singilia Barba
http://www.wikidata.org/entity/Q97634236,Ciudad romana de Suel
http://www.wikidata.org/entity/Q97645775,Ciudad romana de Urso
http://www.wikidata.org/entity/Q2689111,Ciudad Tecún Umán
http://www.wikidata.org/entity/Q97631223,Ciudadela de La Mota
http://www.wikidata.org/entity/Q24061831,Clarkston Village Historic District
http://www.wikidata.org/entity/Q2843528,"Claypole, Buenos Aires"
http://www.wikidata.org/entity/Q97625618,Colina de los Quemados
http://www.wikidata.org/entity/Q56064,Colonia del Sacramento
http://www.wikidata.org/entity/Q5148266,Colonia del Sol
http://www.wikidata.org/entity/Q104670915,"Colonnaded Palace, Ptolemais"
http://www.wikidata.org/entity/Q104670333,"Commando Del Presidio, Ptolemais"
http://www.wikidata.org/entity/Q727464,Concepción del Uruguay
http://www.wikidata.org/entity/Q751077,"Concepción, Santa Cruz"
http://www.wikidata.org/entity/Q52578,"Concordia, Entre Ríos"
http://www.wikidata.org/entity/Q104670336,"Corpo Di Guardia della Sussistenza, Ptolemais"
http://www.wikidata.org/entity/Q97628335,Corta del Lago
http://www.wikidata.org/entity/Q5789709,Cortijo de Aparicio el Grande
http://www.wikidata.org/entity/Q97617180,Cortijo de Clavijo
http://www.wikidata.org/entity/Q97623422,Cortijo de Izcar
http://www.wikidata.org/entity/Q97654181,Cortijo de Repla
http://www.wikidata.org/entity/Q384944,County of Brant
http://www.wikidata.org/entity/Q9176109,Coyuca de Catalán
http://www.wikidata.org/entity/Q1016873,Cruz del Eje
http://www.wikidata.org/entity/Q1048762,Cuevas del Almanzora
http://www.wikidata.org/entity/Q7819319,Czech municipality with expanded powers
http://www.wikidata.org/entity/Q1025875,Czerwińsk nad Wisłą
http://www.wikidata.org/entity/Q3700809,Daphne near Antioch
http://www.wikidata.org/entity/Q1960,Dar es Salaam
http://www.wikidata.org/entity/Q11568,"Darwin, Northern Territory"
http://www.wikidata.org/entity/Q100234030,"De Quincey, Mahé"
http://www.wikidata.org/entity/Q97620433,Dehesa de La Fantasía
http://www.wikidata.org/entity/Q2580112,Dera Allah Yar
http://www.wikidata.org/entity/Q999076,Dera Ghazi Khan
http://www.wikidata.org/entity/Q1249888,Dera Ismail Khan
http://www.wikidata.org/entity/Q5806703,Diego de Alvear
http://www.wikidata.org/entity/Q555150,"Dobra, powiat turecki"
http://www.wikidata.org/entity/Q995806,Dobrzyń nad Wisłą
http://www.wikidata.org/entity/Q30590864,"Dongargaon, Agar Malwa"
http://www.wikidata.org/entity/Q65078458,"Double Horn, Texas"
http://www.wikidata.org/entity/Q104670310,"East area, Ptolemais"
http://www.wikidata.org/entity/Q12218533,East Hidd City
http://www.wikidata.org/entity/Q3049730,El Aioun Sidi Mellouk
http://www.wikidata.org/entity/Q97628719,El Almendral de Saltés
http://www.wikidata.org/entity/Q97645611,El Gandul : La Mesa del Gandul
http://www.wikidata.org/entity/Q97646518,El Molino Pintado
http://www.wikidata.org/entity/Q203040,El Puerto de Santa María
http://www.wikidata.org/entity/Q394888,"El Refugio, Baja California"
http://www.wikidata.org/entity/Q2412778,El Roble District
http://www.wikidata.org/entity/Q5352055,"El Rosario, Baja California"
http://www.wikidata.org/entity/Q5352068,El Salahaia El Gadeda
http://www.wikidata.org/entity/Q1002076,"El Torno, Santa Cruz"
http://www.wikidata.org/entity/Q12877252,Epiphaneia in Bithynia
http://www.wikidata.org/entity/Q24001303,Esplugues de Llobregat
http://www.wikidata.org/entity/Q3786,Esslingen am Neckar
http://www.wikidata.org/entity/Q1374967,Euroea in Phoenicia
http://www.wikidata.org/entity/Q64822404,European Green Capital
http://www.wikidata.org/entity/Q1010823,Ezbet El Borg
http://www.wikidata.org/entity/Q4502049,Ezzedine Salim subdistrict
http://www.wikidata.org/entity/Q2158248,"Federal, Entre Ríos"
http://www.wikidata.org/entity/Q2895854,Fkih Ben Saleh
http://www.wikidata.org/entity/Q49298129,Fort Portal Municipality
http://www.wikidata.org/entity/Q23021,Fort St. John
http://www.wikidata.org/entity/Q23021,"Fort St. John, British Columbia"
http://www.wikidata.org/entity/Q104654963,"Forte della Vite, Tripoli"
http://www.wikidata.org/entity/Q104670802,"Fortress of the Dux, Ptolemais"
http://www.wikidata.org/entity/Q1471709,"Frías, Santiago del Estero"
http://www.wikidata.org/entity/Q20139591,Francisco I. Madero
http://www.wikidata.org/entity/Q57318,free imperial city
http://www.wikidata.org/entity/Q2370892,"Funes, Santa Fe"
http://www.wikidata.org/entity/Q603115,Güira de Melena
http://www.wikidata.org/entity/Q18800799,Gabriel Leyva Solano
http://www.wikidata.org/entity/Q1501621,"General Güemes, Salta"
http://www.wikidata.org/entity/Q2330916,General José de San Martín
http://www.wikidata.org/entity/Q8963744,General Leonidas Plaza Gutiérrez
http://www.wikidata.org/entity/Q207098,"Ghaziabad, Uttar Pradesh"
http://www.wikidata.org/entity/Q233467,"Gisborne, New Zealand"
http://www.wikidata.org/entity/Q72125,Giugliano in Campania
http://www.wikidata.org/entity/Q2005439,"Glew, Buenos Aires"
http://www.wikidata.org/entity/Q22914735,"Gopalpur, Tangail, Bangladesh"
http://www.wikidata.org/entity/Q206125,Grabów nad Prosną
http://www.wikidata.org/entity/Q834310,"Guadalupe, Baja California"
http://www.wikidata.org/entity/Q108454687,half million city
http://www.wikidata.org/entity/Q1423367,Half Way Tree
http://www.wikidata.org/entity/Q2141,Halifax Regional Municipality
http://www.wikidata.org/entity/Q302745,Hall in Tirol
http://www.wikidata.org/entity/Q3129329,"Hedley, British Columbia"
http://www.wikidata.org/entity/Q17055090,Hisar Urban Agglomeration
http://www.wikidata.org/entity/Q28502997,Historic centre of Cusco
http://www.wikidata.org/entity/Q1854,Ho Chi Minh City
http://www.wikidata.org/entity/Q15063600,home rule city of Michigan
http://www.wikidata.org/entity/Q97620540,Hotel Cristina I. Edificio Central
http://www.wikidata.org/entity/Q104670572,"House of Paulus, Ptolemais"
http://www.wikidata.org/entity/Q20204317,Huejotzingo de Nieva
http://www.wikidata.org/entity/Q22865,Independent cities of Germany
http://www.wikidata.org/entity/Q22865,independent city of Germany
http://www.wikidata.org/entity/Q61708053,independent city of Saxony-Anhalt
http://www.wikidata.org/entity/Q3787050,Ingeniero Pablo Nogués
http://www.wikidata.org/entity/Q175903,Ischia di Castro
http://www.wikidata.org/entity/Q331099,Island of Mozambique
http://www.wikidata.org/entity/Q4534209,Józefów nad Wisłą
http://www.wikidata.org/entity/Q1025336,"Józefów, Biłgoraj County"
http://www.wikidata.org/entity/Q3634175,Jalan bani bu ali
http://www.wikidata.org/entity/Q4495185,Jalpa de Méndez
http://www.wikidata.org/entity/Q2447248,Jaltipan de Morelos
http://www.wikidata.org/entity/Q667845,"Jaraczewo, Jarocin County"
http://www.wikidata.org/entity/Q164241,"Jasień, Lubusz Voivodeship"
http://www.wikidata.org/entity/Q12303,Jerez de la Frontera
http://www.wikidata.org/entity/Q97617161,Jerez de la Frontera. Poblado romano
http://www.wikidata.org/entity/Q24008770,Jerez de los Caballeros
http://www.wikidata.org/entity/Q2224587,José C. Paz
http://www.wikidata.org/entity/Q1020396,José Enrique Rodó
http://www.wikidata.org/entity/Q9293211,"José Mármol, Buenos Aires"
http://www.wikidata.org/entity/Q1709570,José Pedro Varela
http://www.wikidata.org/entity/Q2564825,José Santos Guardiola
http://www.wikidata.org/entity/Q1014409,Juan Bautista Alberdi
http://www.wikidata.org/entity/Q6839370,kafr El-battikh city
http://www.wikidata.org/entity/Q48728388,Kamal Pur Majra Burari
http://www.wikidata.org/entity/Q10543698,Karl Johan city
http://www.wikidata.org/entity/Q2121220,K'iche' Kingdom of Q'umarkaj
http://www.wikidata.org/entity/Q128147,Kingston upon Hull
http://www.wikidata.org/entity/Q1903588,"Klimontów, Sandomierz County"
http://www.wikidata.org/entity/Q15885,Kostanjevica na Krki
http://www.wikidata.org/entity/Q1958570,"Koszyce, Lesser Poland Voivodeship"
http://www.wikidata.org/entity/Q3321421,Kot Radha Kishan
http://www.wikidata.org/entity/Q555042,"Koziegłowy, Silesian Voivodeship"
http://www.wikidata.org/entity/Q32067904,Kreisfreie Stadt Erfurt
http://www.wikidata.org/entity/Q6447388,Kurumbakkavu Bhagavathy Temple Edathala
http://www.wikidata.org/entity/Q1798593,"La Angostura, Santa Cruz"
http://www.wikidata.org/entity/Q3713,"La Calera, Chile"
http://www.wikidata.org/entity/Q97625434,La Camorra de las Cabezuelas
http://www.wikidata.org/entity/Q22082386,La cité du Fleuve
http://www.wikidata.org/entity/Q5963243,La Encrucijada transport hub
http://www.wikidata.org/entity/Q13189679,La Joya de los Sachas
http://www.wikidata.org/entity/Q1798895,"La Libertad, Santa Elena"
http://www.wikidata.org/entity/Q2440276,"La Paz, Entre Ríos"
http://www.wikidata.org/entity/Q44236,"La Rioja, Argentina"
http://www.wikidata.org/entity/Q6465070,"La Salina, Baja California"
http://www.wikidata.org/entity/Q97646148,La Torre del Águila
http://www.wikidata.org/entity/Q595441,"La Unión, Huánuco"
http://www.wikidata.org/entity/Q3213480,La Vela de Coro
http://www.wikidata.org/entity/Q97631015,La Villa de Segura de la Sierra
http://www.wikidata.org/entity/Q5410028,La Villa del Rosario
http://www.wikidata.org/entity/Q6710802,"Lázaro Cárdenas, Jalisco"
http://www.wikidata.org/entity/Q367842,Laguna de Duero
http://www.wikidata.org/entity/Q455231,"Laurent, South Dakota"
http://www.wikidata.org/entity/Q189128,León de Los Aldama
http://www.wikidata.org/entity/Q3113061,Leandro N. Alem
http://www.wikidata.org/entity/Q15889,Lenart v Slovenskih goricah
http://www.wikidata.org/entity/Q4140430,Lerdo de Tejada
http://www.wikidata.org/entity/Q15470,L'Hospitalet de Llobregat
http://www.wikidata.org/entity/Q600706,Libertador General San Martín
http://www.wikidata.org/entity/Q18803101,Licenciado Benito Juárez
http://www.wikidata.org/entity/Q35001,"Lismore, New South Wales"
http://www.wikidata.org/entity/Q2089229,list of cities in Alberta
http://www.wikidata.org/entity/Q6609673,list of cities in British Columbia
http://www.wikidata.org/entity/Q500142,list of cities in Yemen
http://www.wikidata.org/entity/Q707813,Lists of former Hansa cities
http://www.wikidata.org/entity/Q97625289,Llanete de los Moros
http://www.wikidata.org/entity/Q6669164,Lomas de Sargentillo
http://www.wikidata.org/entity/Q97646739,Lora del Rio
http://www.wikidata.org/entity/Q366948,Los Llanos de Aridane
http://www.wikidata.org/entity/Q1962023,Los Reyes municipal council
http://www.wikidata.org/entity/Q2551179,"Lubowidz, Masovian Voivodeship"
http://www.wikidata.org/entity/Q29350065,Lucky Shah Sadar
http://www.wikidata.org/entity/Q3332659,Médina Yoro Foulah
http://www.wikidata.org/entity/Q924793,"Machinda, Equatorial Guinea"
http://www.wikidata.org/entity/Q920866,Magnesia ad Sipylum
http://www.wikidata.org/entity/Q1432674,Magnesia on the Maeander
http://www.wikidata.org/entity/Q104658251,"Main East-West street, Sabratha"
http://www.wikidata.org/entity/Q28221538,Maionia in Lydia
http://www.wikidata.org/entity/Q104670836,"Major Cardo, Ptolemais"
http://www.wikidata.org/entity/Q25767774,"Mala, Cañete Province"
http://www.wikidata.org/entity/Q97625617,Manzana de Regina
http://www.wikidata.org/entity/Q16740,"Maple Ridge, British Columbia"
http://www.wikidata.org/entity/Q15247898,"Mariposa, Satipo Province"
http://www.wikidata.org/entity/Q270310,Melena del Sur
http://www.wikidata.org/entity/Q97619020,Mesa del Esparragal
http://www.wikidata.org/entity/Q5709588,Mesas de Asta
http://www.wikidata.org/entity/Q482821,metropolitan city of South Korea
http://www.wikidata.org/entity/Q104671410,"Mid-Roman defences, Cyrene"
http://www.wikidata.org/entity/Q20252359,"Miguel Alemán, Hermosillo"
http://www.wikidata.org/entity/Q11994,Miranda de Ebro
http://www.wikidata.org/entity/Q12246436,Mit Abou Ghaleb
http://www.wikidata.org/entity/Q2135041,"Modliborzyce, Lublin Voivodeship"
http://www.wikidata.org/entity/Q104658390,"Mosque of Sidi Iàhia ben Dbàbesc, ?Sabratha"
http://www.wikidata.org/entity/Q2413233,"Mrozy, Mińsk County"
http://www.wikidata.org/entity/Q9293647,"Muñiz, Buenos Aires"
http://www.wikidata.org/entity/Q841086,Municipality of Macau
http://www.wikidata.org/entity/Q988576,Nakło nad Notecią
http://www.wikidata.org/entity/Q3544851,Natá de los Caballeros
http://www.wikidata.org/entity/Q1066538,National Central City
http://www.wikidata.org/entity/Q6974233,"National Marian Shrine, Mariamabad"
http://www.wikidata.org/entity/Q2110515,Naucalpan de Juárez
http://www.wikidata.org/entity/Q28403188,Ndi Oji Abam
http://www.wikidata.org/entity/Q104657473,"Necropolis between the Basilica and the Antonine Temple, Sabratha"
http://www.wikidata.org/entity/Q104656674,"Necropolis SE of Church III, Sabratha"
http://www.wikidata.org/entity/Q206687,"Nelson, New Zealand"
http://www.wikidata.org/entity/Q32137066,Neusiedl am See
http://www.wikidata.org/entity/Q12199525,New Beni Suef City
http://www.wikidata.org/entity/Q12197874,New Borg El Arab
http://www.wikidata.org/entity/Q68169457,New Nasser City
http://www.wikidata.org/entity/Q12217454,New Sohag City
http://www.wikidata.org/entity/Q244898,New Taipei City
http://www.wikidata.org/entity/Q60,New York City
http://www.wikidata.org/entity/Q1425428,Newcastle upon Tyne
http://www.wikidata.org/entity/Q3090358,Nioro du Rip
http://www.wikidata.org/entity/Q522912,"Nola, Central African Republic"
http://www.wikidata.org/entity/Q5770842,Nombre de Jesús
http://www.wikidata.org/entity/Q104658393,"North Forum Portico, Sabratha"
http://www.wikidata.org/entity/Q1019505,Nowe Miasto nad Pilicą
http://www.wikidata.org/entity/Q604251,Nowy Dwór Gdański
http://www.wikidata.org/entity/Q2608234,Nuevo San Carlos
http://www.wikidata.org/entity/Q1972757,Ocumare del Tuy
http://www.wikidata.org/entity/Q56291123,Old Neredmet Village
http://www.wikidata.org/entity/Q2532403,"Oleśnica, Świętokrzyskie Voivodeship"
http://www.wikidata.org/entity/Q104679971,"Omar Mukhtar Street, Benghazi"
http://www.wikidata.org/entity/Q5763390,Oppidum ibero de Puente Tablas
http://www.wikidata.org/entity/Q90309498,Orthosias in Phoenicia
http://www.wikidata.org/entity/Q554417,"Osiek, Świętokrzyskie Voivodeship"
http://www.wikidata.org/entity/Q5478122,Oum El Bouaghi
http://www.wikidata.org/entity/Q3124895,"Oyo, Republic of the Congo"
http://www.wikidata.org/entity/Q42592114,Pachacútec City Special Pro
http://www.wikidata.org/entity/Q97617104,Pago de los Villares
http://www.wikidata.org/entity/Q622030,Palos de la Frontera
http://www.wikidata.org/entity/Q1532147,Pan de Azúcar
http://www.wikidata.org/entity/Q44213,"Paraná, Entre Ríos"
http://www.wikidata.org/entity/Q952273,Parque del Plata
http://www.wikidata.org/entity/Q2274595,"Parque San Martín, Buenos Aires Province"
http://www.wikidata.org/entity/Q97629481,Paseo de Santa María
http://www.wikidata.org/entity/Q1953119,Paso de los Libres
http://www.wikidata.org/entity/Q664156,Paso de los Toros
http://www.wikidata.org/entity/Q2077993,"Pavón, Santa Fe"
http://www.wikidata.org/entity/Q97631201,Peña de Martos
http://www.wikidata.org/entity/Q615707,"Pedernales, Delta Amacuro"
http://www.wikidata.org/entity/Q849292,Pedro Juan Caballero
http://www.wikidata.org/entity/Q849292,"Pedro Juan Caballero, Paraguay"
http://www.wikidata.org/entity/Q28883745,Pedro Vicente Maldonado
http://www.wikidata.org/entity/Q984274,"Piątek, Łódź Voivodeship"
http://www.wikidata.org/entity/Q7193761,"Pilar, Córdoba Province"
http://www.wikidata.org/entity/Q244139,Pinar del Rio
http://www.wikidata.org/entity/Q6076674,Pir Jo Goth
http://www.wikidata.org/entity/Q13539802,place with town rights and privileges
http://www.wikidata.org/entity/Q989988,Playa del Carmen
http://www.wikidata.org/entity/Q97625262,Plaza de Armas
http://www.wikidata.org/entity/Q97622784,Plaza de Colón nº 33 y 33D
http://www.wikidata.org/entity/Q97633905,Plaza del Carmen
http://www.wikidata.org/entity/Q97625439,Poblado del Cerro de la Muela
http://www.wikidata.org/entity/Q864024,"Ponce, Puerto Rico"
http://www.wikidata.org/entity/Q2170773,"Pontevedra, Buenos Aires Province"
http://www.wikidata.org/entity/Q7230482,"Port Arthur, Ontario"
http://www.wikidata.org/entity/Q39178,Port of Spain
http://www.wikidata.org/entity/Q1017624,Portage la Prairie
http://www.wikidata.org/entity/Q385085,Prince Edward County
http://www.wikidata.org/entity/Q385085,"Prince Edward County, Ontario"
http://www.wikidata.org/entity/Q1015639,"Prince Rupert, British Columbia"
http://www.wikidata.org/entity/Q104670567,Ptolemais: Quarry Hanan Ghetti
http://www.wikidata.org/entity/Q2117354,Puente San Pablo
http://www.wikidata.org/entity/Q694109,Puerto Baquerizo Moreno
http://www.wikidata.org/entity/Q1014564,Puerto Francisco de Orellana
http://www.wikidata.org/entity/Q379509,Puerto la Cruz
http://www.wikidata.org/entity/Q1266746,Puerto San José
http://www.wikidata.org/entity/Q56069,Punta del Este
http://www.wikidata.org/entity/Q7266461,Qanatir el Qahiriya
http://www.wikidata.org/entity/Q104670404,"Quarry 2, Ptolemais"
http://www.wikidata.org/entity/Q104670560,"Quarry 4, Ptolemais"
http://www.wikidata.org/entity/Q3141156,"Radoszyce, Świętokrzyskie Voivodeship"
http://www.wikidata.org/entity/Q989297,Rahim Yar Khan
http://www.wikidata.org/entity/Q44242,"Río Gallegos, Santa Cruz"
http://www.wikidata.org/entity/Q7294653,Ras El Bar
http://www.wikidata.org/entity/Q1004716,Ras el Ma
http://www.wikidata.org/entity/Q15911,Ravne na Koroškem
http://www.wikidata.org/entity/Q2291654,Remedios de Escalada
http://www.wikidata.org/entity/Q97620169,Restos de construcciones de Edad Moderna
http://www.wikidata.org/entity/Q97617264,Restos de la Neápolis de la calle Merced nº 11
http://www.wikidata.org/entity/Q97620148,Restos romanos en San Juan de Dios nº 8
http://www.wikidata.org/entity/Q52998,"Richmond Hill, Ontario"
http://www.wikidata.org/entity/Q30029393,Riva del Garda
http://www.wikidata.org/entity/Q49218,"Rochester, New York"
http://www.wikidata.org/entity/Q1526659,Roman Theatre of Cádiz
http://www.wikidata.org/entity/Q97642035,Roman thermae of Herrera
http://www.wikidata.org/entity/Q106122,Rosario de la Frontera
http://www.wikidata.org/entity/Q1017556,Rosario de Lerma
http://www.wikidata.org/entity/Q52535,"Rosario, Santa Fe"
http://www.wikidata.org/entity/Q13416557,Royal city in Polish–Lithuanian Commonwealth
http://www.wikidata.org/entity/Q18702,Royal free city
http://www.wikidata.org/entity/Q104670507,"Royal Tomb, Ptolemais"
http://www.wikidata.org/entity/Q1028027,Rudnik nad Sanem
http://www.wikidata.org/entity/Q97625650,Ruinas y Palacio de Medina al-Zahara
http://www.wikidata.org/entity/Q33503054,São João da Madeira
http://www.wikidata.org/entity/Q281213,Sagua de Tánamo
http://www.wikidata.org/entity/Q5030,Sagua La Grande
http://www.wikidata.org/entity/Q630692,Saint Ann's Bay
http://www.wikidata.org/entity/Q630692,"Saint Ann's Bay, Jamaica"
http://www.wikidata.org/entity/Q174262,Saint Peter Port
http://www.wikidata.org/entity/Q9863,"Salem, Tamil Nadu"
http://www.wikidata.org/entity/Q135983,Salto del Guairá
http://www.wikidata.org/entity/Q1020261,Salvaleón de Higüey
http://www.wikidata.org/entity/Q2895437,San Antonio de Los Altos
http://www.wikidata.org/entity/Q114984,San Antonio de los Baños
http://www.wikidata.org/entity/Q1563449,San Antonio de los Cobres
http://www.wikidata.org/entity/Q1017367,San Antonio de Padua
http://www.wikidata.org/entity/Q1001897,San Antonio de Palé
http://www.wikidata.org/entity/Q7413381,San Antonio de Ureca
http://www.wikidata.org/entity/Q167235,San Antonio del Sur
http://www.wikidata.org/entity/Q2602785,San Antonio del Táchira
http://www.wikidata.org/entity/Q1894082,San Antonio Oeste
http://www.wikidata.org/entity/Q1416961,"San Benito, Cochabamba"
http://www.wikidata.org/entity/Q164003,"San Buenaventura, La Paz"
http://www.wikidata.org/entity/Q47772,San Carlos de Bariloche
http://www.wikidata.org/entity/Q1269422,San Carlos de Río Negro
http://www.wikidata.org/entity/Q1020320,"San Carlos, Río San Juan"
http://www.wikidata.org/entity/Q16628307,San Cristóbal de La Laguna
http://www.wikidata.org/entity/Q284529,San Cristóbal Verapaz
http://www.wikidata.org/entity/Q990764,San Fernando de Apure
http://www.wikidata.org/entity/Q44162,San Fernando del Valle de Catamarca
http://www.wikidata.org/entity/Q14920600,San Francisco Coacalco
http://www.wikidata.org/entity/Q681999,San Francisco de Macorís
http://www.wikidata.org/entity/Q1920412,San Francisco Solano
http://www.wikidata.org/entity/Q2093549,San Gregorio de Pólanco
http://www.wikidata.org/entity/Q2038791,San Ignacio de Moxos
http://www.wikidata.org/entity/Q995752,San Ignacio de Velasco
http://www.wikidata.org/entity/Q2219669,"San Isidro, Santa Cruz"
http://www.wikidata.org/entity/Q1008368,San José de Barlovento
http://www.wikidata.org/entity/Q2143101,San José de Chiquitos
http://www.wikidata.org/entity/Q1015546,San José de Fray Mamerto Esquiú
http://www.wikidata.org/entity/Q3067441,San José de Guanipa
http://www.wikidata.org/entity/Q1001941,San José de las Lajas
http://www.wikidata.org/entity/Q983435,San José de Mayo
http://www.wikidata.org/entity/Q2932988,San José de Metán
http://www.wikidata.org/entity/Q2088134,San José del Cabo
http://www.wikidata.org/entity/Q6119013,San José Pibtuch
http://www.wikidata.org/entity/Q1710703,"San José, Andrés Ibáñez"
http://www.wikidata.org/entity/Q3036493,"San José, Buenos Aires"
http://www.wikidata.org/entity/Q244745,San Jose Chinantequilla
http://www.wikidata.org/entity/Q991036,San Juan Bautista
http://www.wikidata.org/entity/Q1611693,San Juan de Aznalfarache
http://www.wikidata.org/entity/Q1007275,San Juan de Payara
http://www.wikidata.org/entity/Q2219743,San Juan de Yapacaní
http://www.wikidata.org/entity/Q2718157,San Juan Ostuncalco
http://www.wikidata.org/entity/Q2219756,"San Julián, Santa Cruz"
http://www.wikidata.org/entity/Q938739,"San Lorenzo, Paraguay"
http://www.wikidata.org/entity/Q204271,San Luis Potosí
http://www.wikidata.org/entity/Q995380,San Luis Río Colorado
http://www.wikidata.org/entity/Q44243,"San Luis, Argentina"
http://www.wikidata.org/entity/Q3098785,San Martín de Hidalgo
http://www.wikidata.org/entity/Q1019152,San Martín de los Andes
http://www.wikidata.org/entity/Q176823,"San Matías, Santa Cruz"
http://www.wikidata.org/entity/Q2198509,San Miguel de Salcedo
http://www.wikidata.org/entity/Q44255,San Miguel de Tucumán
http://www.wikidata.org/entity/Q473144,San Miguel de Velasco
http://www.wikidata.org/entity/Q7414937,"San Miguel, Bolívar"
http://www.wikidata.org/entity/Q2726675,"San Miguel, La Mar Province"
http://www.wikidata.org/entity/Q377965,San Nicolás de los Arroyos
http://www.wikidata.org/entity/Q914055,San Nicolás de los Garza
http://www.wikidata.org/entity/Q2474056,San Pablo del Monte
http://www.wikidata.org/entity/Q1020263,San Pedro de Jujuy
http://www.wikidata.org/entity/Q19344,San Pedro de la Paz
http://www.wikidata.org/entity/Q1014474,San Pedro de Lloc
http://www.wikidata.org/entity/Q680596,San Pedro de Macorís
http://www.wikidata.org/entity/Q135993,San Pedro de Ycuamandiyú
http://www.wikidata.org/entity/Q1944489,San Pedro Garza García
http://www.wikidata.org/entity/Q274584,San Pedro Sula
http://www.wikidata.org/entity/Q677300,San Pedro Town
http://www.wikidata.org/entity/Q746773,San Rafael de Velasco
http://www.wikidata.org/entity/Q23044,"San Rafael, Mendoza"
http://www.wikidata.org/entity/Q1755283,San Ramón de la Nueva Orán
http://www.wikidata.org/entity/Q44217,San Salvador de Jujuy
http://www.wikidata.org/entity/Q21010221,"San Telmo, Baja California"
http://www.wikidata.org/entity/Q1853969,San Vicente de Cañete
http://www.wikidata.org/entity/Q51878,San Vito dei Normanni
http://www.wikidata.org/entity/Q210887,Sanlúcar de Barrameda
http://www.wikidata.org/entity/Q986130,"Sanniki, Masovian Voivodeship"
http://www.wikidata.org/entity/Q15471,Sant Adrià de Besòs
http://www.wikidata.org/entity/Q15639,Sant Feliu de Llobregat
http://www.wikidata.org/entity/Q15640,Sant Joan Despí
http://www.wikidata.org/entity/Q1819433,Santa Ana del Yacuma
http://www.wikidata.org/entity/Q7419262,Santa Bárbara del Zulia
http://www.wikidata.org/entity/Q187961,"Santa Bárbara, Chile"
http://www.wikidata.org/entity/Q1508561,Santa Clara de Olimar
http://www.wikidata.org/entity/Q3504675,Santa Clara del Mar
http://www.wikidata.org/entity/Q958586,Santa Cruz de Barahona
http://www.wikidata.org/entity/Q433632,Santa Cruz de La Palma
http://www.wikidata.org/entity/Q170688,Santa Cruz de la Sierra
http://www.wikidata.org/entity/Q3472621,Santa Cruz de Los Taques
http://www.wikidata.org/entity/Q693140,Santa Cruz del Quiché
http://www.wikidata.org/entity/Q643313,Santa Cruz del Sur
http://www.wikidata.org/entity/Q3472626,Santa Elena de Arenales
http://www.wikidata.org/entity/Q3949007,Santa Elena de la Cruz
http://www.wikidata.org/entity/Q2568748,Santa Elena de Uairén
http://www.wikidata.org/entity/Q2222954,Santa Fe de Yapacaní
http://www.wikidata.org/entity/Q2223185,Santa María de Ipire
http://www.wikidata.org/entity/Q3347407,Santa María de Nieva
http://www.wikidata.org/entity/Q18419392,Santa María del Oro
http://www.wikidata.org/entity/Q954300,Santa Rosa de Copán
http://www.wikidata.org/entity/Q2223250,Santa Rosa del Sara
http://www.wikidata.org/entity/Q1390081,Santa Teresa del Tuy
http://www.wikidata.org/entity/Q22067536,Santana do Livramento
http://www.wikidata.org/entity/Q3344084,Santiago de Chuco
http://www.wikidata.org/entity/Q23992507,Santiago de Compostela
http://www.wikidata.org/entity/Q117040,Santiago de Cuba
http://www.wikidata.org/entity/Q1002105,Santiago de Huari
http://www.wikidata.org/entity/Q42763,Santiago de los Caballeros
http://www.wikidata.org/entity/Q7420390,Santiago de los Caballeros de Guatemala
http://www.wikidata.org/entity/Q173121,Santiago de Querétaro
http://www.wikidata.org/entity/Q685509,Santiago de Veraguas
http://www.wikidata.org/entity/Q44253,Santiago del Estero
http://www.wikidata.org/entity/Q97617242,Santo Domingo nº 28
http://www.wikidata.org/entity/Q588048,Santo Tomás de Castilla
http://www.wikidata.org/entity/Q1784163,Sarandí del Yí
http://www.wikidata.org/entity/Q1649301,Sar-e Pol city
http://www.wikidata.org/entity/Q463165,Sault Ste. Marie
http://www.wikidata.org/entity/Q12887,Schaerbeek - Schaarbeek
http://www.wikidata.org/entity/Q12159392,Seven Cities of Delhi
http://www.wikidata.org/entity/Q4579677,Shah Faisal Town
http://www.wikidata.org/entity/Q10867816,"Shanghai Municipality, Republic of China"
http://www.wikidata.org/entity/Q4165945,Sheikh Zayed City
http://www.wikidata.org/entity/Q31350,"Shibin Al Kawm, Al Minufiyah"
http://www.wikidata.org/entity/Q852276,Sidi Bel Abbès
http://www.wikidata.org/entity/Q104680188,"Sidi Hussein, Benghazi"
http://www.wikidata.org/entity/Q643052,Sierra de Cubitas
http://www.wikidata.org/entity/Q97625457,Sierra de Yeguas
http://www.wikidata.org/entity/Q17026198,Site of Capital of Kingdom Zheng and Han
http://www.wikidata.org/entity/Q97633798,Sitio Arqueológico de Álora
http://www.wikidata.org/entity/Q97619016,Sitio Arqueológico de Algar
http://www.wikidata.org/entity/Q97620546,Sitio Arqueológico de Algeciras
http://www.wikidata.org/entity/Q97286365,Sitio Arqueológico de Almería
http://www.wikidata.org/entity/Q97632023,Sitio Arqueológico de Andújar
http://www.wikidata.org/entity/Q97631157,Sitio Arqueológico de Arjona
http://www.wikidata.org/entity/Q97622911,Sitio Arqueológico de Córdoba
http://www.wikidata.org/entity/Q97623897,Sitio arqueológico de Cabra
http://www.wikidata.org/entity/Q97620410,Sitio Arqueológico de Conil
http://www.wikidata.org/entity/Q97643383,Sitio Arqueológico de Coria del Río
http://www.wikidata.org/entity/Q97617734,Sitio Arqueológico de El Bosque
http://www.wikidata.org/entity/Q97631083,Sitio Arqueológico de Hornos de Segura
http://www.wikidata.org/entity/Q97631860,Sitio Arqueológico de Jaén
http://www.wikidata.org/entity/Q97617126,Sitio Arqueológico de Jerez de la Frontera
http://www.wikidata.org/entity/Q97652476,Sitio Arqueológico de la Guardia de Jaén
http://www.wikidata.org/entity/Q97653855,Sitio Arqueológico de Las Cabezas de San Juan
http://www.wikidata.org/entity/Q97629611,Sitio Arqueológico de Martos
http://www.wikidata.org/entity/Q97620485,Sitio Arqueológico de Medina Sidonia
http://www.wikidata.org/entity/Q97633731,Sitio arqueológico de Mijas
http://www.wikidata.org/entity/Q97628796,Sitio Arqueológico de Niebla
http://www.wikidata.org/entity/Q97601506,Sitio Arqueológico de Oria
http://www.wikidata.org/entity/Q97625106,Sitio Arqueológico de Palma del Río
http://www.wikidata.org/entity/Q97628646,Sitio Arqueológico de Palos de la Frontera
http://www.wikidata.org/entity/Q97621946,Sitio Arqueológico de Priego de Córdoba
http://www.wikidata.org/entity/Q97620539,Sitio Arqueológico de Puerto Serrano
http://www.wikidata.org/entity/Q97631581,Sitio Arqueológico de Santisteban
http://www.wikidata.org/entity/Q97653697,Solar del antiguo Ayuntamiento
http://www.wikidata.org/entity/Q97645044,Solar del antiguo mercado de la Encarnación
http://www.wikidata.org/entity/Q104713256,"South City, Taucheira"
http://www.wikidata.org/entity/Q104658950,"South Forum Portico, necropolis, Sabratha"
http://www.wikidata.org/entity/Q16181672,special autonomous city in South Korea
http://www.wikidata.org/entity/Q7574798,special city of North Korea
http://www.wikidata.org/entity/Q104670297,"Square of the Cisterns, Ptolemais"
http://www.wikidata.org/entity/Q36262,"St. John's, Antigua and Barbuda"
http://www.wikidata.org/entity/Q155993,Statutarni mesto Kladno
http://www.wikidata.org/entity/Q262882,statutory city of Austria
http://www.wikidata.org/entity/Q97642791,Stockholm in fiction
http://www.wikidata.org/entity/Q104658775,"Street leading from the Byzantine Gate to the Forum, Sabratha"
http://www.wikidata.org/entity/Q104670943,"Street of the Monuments, Ptolemais"
http://www.wikidata.org/entity/Q3976467,Suani Ben Adem
http://www.wikidata.org/entity/Q188304,"Sunderland, Tyne and Wear"
http://www.wikidata.org/entity/Q23979439,Talavera de la Reina
http://www.wikidata.org/entity/Q3695618,Tando Muhammad Khan
http://www.wikidata.org/entity/Q115256,"Taoyuan County, Taiwan"
http://www.wikidata.org/entity/Q97622789,Teatro de la Ajerquía
http://www.wikidata.org/entity/Q4453847,Tecpán de Galeana
http://www.wikidata.org/entity/Q97688634,Tejada la Nueva
http://www.wikidata.org/entity/Q6140279,Tejada la Vieja
http://www.wikidata.org/entity/Q7697898,Teluk Air Tawar
http://www.wikidata.org/entity/Q104671195,"Temple of Hermes, Cyrene"
http://www.wikidata.org/entity/Q3518101,"Tenke, Democratic Republic of the Congo"
http://www.wikidata.org/entity/Q169334,Termas de Río Hondo
http://www.wikidata.org/entity/Q1021037,"Terrace, British Columbia"
http://www.wikidata.org/entity/Q30624191,"Thana Khurd, Haryana"
http://www.wikidata.org/entity/Q23808365,The Gateway of Gulmarg
http://www.wikidata.org/entity/Q104671210,"Theatre 3, Cyrene"
http://www.wikidata.org/entity/Q1771999,"Tiquipaya, Santa Cruz"
http://www.wikidata.org/entity/Q1962285,Tlajomulco de Zuñiga
http://www.wikidata.org/entity/Q845307,Tlalnepantla de Baz Municipality
http://www.wikidata.org/entity/Q4459029,Tlaltenango de Sánchez Román
http://www.wikidata.org/entity/Q2659599,Toba Tek Singh
http://www.wikidata.org/entity/Q97646127,Torres Alhocaz I
http://www.wikidata.org/entity/Q13218690,town in Hungary
http://www.wikidata.org/entity/Q16858213,town in Romania
http://www.wikidata.org/entity/Q15411644,town of Virginia
http://www.wikidata.org/entity/Q2367508,township of Taiwan
http://www.wikidata.org/entity/Q830390,Treinta y Tres
http://www.wikidata.org/entity/Q2731869,"Tułowice, Opole Voivodeship"
http://www.wikidata.org/entity/Q740477,Tultitlán de Mariano Escobedo
http://www.wikidata.org/entity/Q42744322,urban municipality of Germany
http://www.wikidata.org/entity/Q2616791,urban municipality of Poland
http://www.wikidata.org/entity/Q7909176,"Val d'Or, Penang"
http://www.wikidata.org/entity/Q1308292,Valle de la Pascua
http://www.wikidata.org/entity/Q16645326,Valley of the Chillos
http://www.wikidata.org/entity/Q2306922,Van der Gaag Lane
http://www.wikidata.org/entity/Q104658935,"Via del Teatro, Sabratha"
http://www.wikidata.org/entity/Q1393804,"Victoria Falls, Zimbabwe"
http://www.wikidata.org/entity/Q2485287,"Victoria, Buenos Aires"
http://www.wikidata.org/entity/Q48285,Villa Carlos Paz
http://www.wikidata.org/entity/Q3724044,Villa de Mayo
http://www.wikidata.org/entity/Q7930370,Villa Jesús María
http://www.wikidata.org/entity/Q20292722,Villa Mariano Matamoros
http://www.wikidata.org/entity/Q2525798,Villa Simón Bolívar
http://www.wikidata.org/entity/Q842347,Villa Vaca Guzmán
http://www.wikidata.org/entity/Q695380,Villanueva de la Serena
http://www.wikidata.org/entity/Q3786092,"Virreyes, Buenos Aires"
http://www.wikidata.org/entity/Q7935966,Vishnu Baug Colony
http://www.wikidata.org/entity/Q1018877,Vreed en Hoop
http://www.wikidata.org/entity/Q25230774,"Wanyjok, South Sudan"
http://www.wikidata.org/entity/Q3244848,"Warrap, South Sudan"
http://www.wikidata.org/entity/Q999482,"Wielbark, Warmian-Masurian Voivodeship"
http://www.wikidata.org/entity/Q5238954,William C. Morris
http://www.wikidata.org/entity/Q6169531,Yacimiento arqueológico de Doña Blanca
http://www.wikidata.org/entity/Q1719036,"Yerba Buena, Tucumán"
http://www.wikidata.org/entity/Q15930,Zagorje ob Savi
http://www.wikidata.org/entity/Q145865,Zamora de Hidalgo
http://www.wikidata.org/entity/Q189792,Zenopolis in Isauria
http://www.wikidata.org/entity/Q191376,Zephyr Cove–Round Hill Village
http://www.wikidata.org/entity/Q97605119,Zona Arqueológica de Granada
http://www.wikidata.org/entity/Q97628610,Zona Arqueológica de Huelva
http://www.wikidata.org/entity/Q97632093,Zona Arqueológica de Los Villares de Andújar
http://www.wikidata.org/entity/Q97645201,Zona arqueolópgica de Sevilla
