item,itemLabel
http://www.wikidata.org/entity/Q8757,A Coruña
http://www.wikidata.org/entity/Q61941883,İske Qazan
http://www.wikidata.org/entity/Q2088349,Aïn Beïda
http://www.wikidata.org/entity/Q28445605,Abū Qurqāş
http://www.wikidata.org/entity/Q3303148,Abasan al-Kabera
http://www.wikidata.org/entity/Q1519,Abu Dhabi
http://www.wikidata.org/entity/Q246590,Abu Dis
http://www.wikidata.org/entity/Q335716,Abu Kabir
http://www.wikidata.org/entity/Q139773,Abu Qir
http://www.wikidata.org/entity/Q3646152,Abu Qirqas
http://www.wikidata.org/entity/Q1087848,Abu Qurayn
http://www.wikidata.org/entity/Q1369593,Ad Dali'
http://www.wikidata.org/entity/Q4678136,Ad Dis
http://www.wikidata.org/entity/Q13046345,Ad Quintum
http://www.wikidata.org/entity/Q11904142,Ad Salices
http://www.wikidata.org/entity/Q4681407,Addu City
http://www.wikidata.org/entity/Q12179905,Adham governorate
http://www.wikidata.org/entity/Q356811,Adi Keyh
http://www.wikidata.org/entity/Q356816,Adi Quala
http://www.wikidata.org/entity/Q359955,Ado Ekiti
http://www.wikidata.org/entity/Q251181,"Adrar, Algeria"
http://www.wikidata.org/entity/Q4691274,"Agara, Bangalore"
http://www.wikidata.org/entity/Q397759,Agua Prieta
http://www.wikidata.org/entity/Q200805,Aguascalientes City
http://www.wikidata.org/entity/Q1250201,Ahmadpur East
http://www.wikidata.org/entity/Q87063191,Ait Aatab
http://www.wikidata.org/entity/Q2384142,Ait Melloul
http://www.wikidata.org/entity/Q418402,Akim Oda
http://www.wikidata.org/entity/Q613913,Al Aaroui
http://www.wikidata.org/entity/Q234600,Al Ain
http://www.wikidata.org/entity/Q27176,Al Bahah
http://www.wikidata.org/entity/Q35784,Al Bayda
http://www.wikidata.org/entity/Q1752951,Al Bayda'
http://www.wikidata.org/entity/Q694939,Al Diwaniyah
http://www.wikidata.org/entity/Q4445103,Al Gharraf
http://www.wikidata.org/entity/Q16526959,Al Ghuwariyah
http://www.wikidata.org/entity/Q4703973,Al Hamool
http://www.wikidata.org/entity/Q56244320,Al Hasahisa
http://www.wikidata.org/entity/Q12194598,Al Hashimiya
http://www.wikidata.org/entity/Q4116291,Al Hashimiyya
http://www.wikidata.org/entity/Q270041,Al Hudaydah
http://www.wikidata.org/entity/Q3696209,Al Husn
http://www.wikidata.org/entity/Q3720937,Al Jabalayn
http://www.wikidata.org/entity/Q134086,Al Jawf
http://www.wikidata.org/entity/Q3505791,Al Jubayhah
http://www.wikidata.org/entity/Q31572,Al Karak
http://www.wikidata.org/entity/Q310622,Al Mahwit
http://www.wikidata.org/entity/Q27359,Al Majma'ah
http://www.wikidata.org/entity/Q29512591,Al Midhatiya
http://www.wikidata.org/entity/Q9143904,Al Qa`idah
http://www.wikidata.org/entity/Q311199,Al Qadarif
http://www.wikidata.org/entity/Q87063496,Al Qsar
http://www.wikidata.org/entity/Q3505801,Al Quwaysimah
http://www.wikidata.org/entity/Q27125336,Al Safi
http://www.wikidata.org/entity/Q22948561,Al Shamal
http://www.wikidata.org/entity/Q310893,Al Wakrah
http://www.wikidata.org/entity/Q98972377,Al-Ahsa City
http://www.wikidata.org/entity/Q12193915,Al-Ain Region
http://www.wikidata.org/entity/Q97285857,Alba Bastetanorum
http://www.wikidata.org/entity/Q4702331,Al-Dar al-Kabirah
http://www.wikidata.org/entity/Q664371,Aleksandrów Łódzki
http://www.wikidata.org/entity/Q325124,Aleksandrów Kujawski
http://www.wikidata.org/entity/Q10401099,Alexandria Prophthasia
http://www.wikidata.org/entity/Q88,"Alexandria, Virginia"
http://www.wikidata.org/entity/Q25451465,Al-Galala City
http://www.wikidata.org/entity/Q1822816,Al-Hajar al-Aswad
http://www.wikidata.org/entity/Q842854,Ali Sabieh
http://www.wikidata.org/entity/Q2837318,Aliyu Amba
http://www.wikidata.org/entity/Q965924,Al-Madinat al-Zahira
http://www.wikidata.org/entity/Q474868,Alor Setar
http://www.wikidata.org/entity/Q310751,"Al-Qusayr, Egypt"
http://www.wikidata.org/entity/Q2132653,Al-Shaykh Badr
http://www.wikidata.org/entity/Q12189158,Al-Shuna al-Shamalyah
http://www.wikidata.org/entity/Q48293,Alta Gracia
http://www.wikidata.org/entity/Q433861,Altai City
http://www.wikidata.org/entity/Q451529,Am Timan
http://www.wikidata.org/entity/Q454756,"Amara, Nubia"
http://www.wikidata.org/entity/Q2279371,Amba Mariam
http://www.wikidata.org/entity/Q15661340,ancient city
http://www.wikidata.org/entity/Q533922,Ancient Ostra
http://www.wikidata.org/entity/Q529282,Anenii Noi
http://www.wikidata.org/entity/Q4761912,Angadipuram Laterite
http://www.wikidata.org/entity/Q22002209,Anjeva Gara
http://www.wikidata.org/entity/Q2850267,Ankadikely Ilafy
http://www.wikidata.org/entity/Q563067,Anna Regina
http://www.wikidata.org/entity/Q567350,Annotto Bay
http://www.wikidata.org/entity/Q212773,Antigua Guatemala
http://www.wikidata.org/entity/Q4775046,Antiochia Lamotis
http://www.wikidata.org/entity/Q12187701,Ar Rajban
http://www.wikidata.org/entity/Q31594,Ar Ramtha
http://www.wikidata.org/entity/Q12187948,Ar Rawdah
http://www.wikidata.org/entity/Q12241891,Ar Rayn
http://www.wikidata.org/entity/Q1029634,Ar Rutba
http://www.wikidata.org/entity/Q165450,"Aral, Kazakhstan"
http://www.wikidata.org/entity/Q4795376,Arnos Vale
http://www.wikidata.org/entity/Q671062,"Arroyito, Córdoba"
http://www.wikidata.org/entity/Q703139,Arroyo Concepción
http://www.wikidata.org/entity/Q705884,"Arta, Djibouti"
http://www.wikidata.org/entity/Q49297986,Arua Municipality
http://www.wikidata.org/entity/Q2866069,"Arvida, Quebec"
http://www.wikidata.org/entity/Q286843,Ash Shihr
http://www.wikidata.org/entity/Q15192658,Ashrafiyat Sahnaya
http://www.wikidata.org/entity/Q387307,Środa Śląska
http://www.wikidata.org/entity/Q52903,Środa Wielkopolska
http://www.wikidata.org/entity/Q266896,"Astara, Azerbaijan"
http://www.wikidata.org/entity/Q1280261,Świątniki Górne
http://www.wikidata.org/entity/Q27125366,At Turrah
http://www.wikidata.org/entity/Q1323910,Atlacomulco Municipality
http://www.wikidata.org/entity/Q4826725,automotive city
http://www.wikidata.org/entity/Q1094397,autonomous city
http://www.wikidata.org/entity/Q126415,Ayn al-Arab
http://www.wikidata.org/entity/Q126415,Ayn al-Arab/Kobanî
http://www.wikidata.org/entity/Q29014747,Ayn al-Basha
http://www.wikidata.org/entity/Q12229073,Ayn al-Tamr
http://www.wikidata.org/entity/Q23808322,Ayodhya Cantt
http://www.wikidata.org/entity/Q12188056,Az Zubaydiyah
http://www.wikidata.org/entity/Q227509,Az Zubayr
http://www.wikidata.org/entity/Q388603,Şavşat District
http://www.wikidata.org/entity/Q1321311,Île Sainte-Marie
http://www.wikidata.org/entity/Q248251,Bački Petrovac
http://www.wikidata.org/entity/Q4108,Bad Salzuflen
http://www.wikidata.org/entity/Q570108,Bad Wilsnack
http://www.wikidata.org/entity/Q12197650,Badr City
http://www.wikidata.org/entity/Q43174653,Baelo Claudia
http://www.wikidata.org/entity/Q793765,Bagua Grande
http://www.wikidata.org/entity/Q54108,Bahía Blanca
http://www.wikidata.org/entity/Q571968,Bahía Honda
http://www.wikidata.org/entity/Q464699,Bahir Dar
http://www.wikidata.org/entity/Q14203238,Bailey Town
http://www.wikidata.org/entity/Q804607,Balaka Township
http://www.wikidata.org/entity/Q2765597,Balel Pipariya
http://www.wikidata.org/entity/Q12243521,Baltim Resort
http://www.wikidata.org/entity/Q2045352,Baltoji Vokė
http://www.wikidata.org/entity/Q717371,Ban Houayxay
http://www.wikidata.org/entity/Q28319968,Bandol seoni
http://www.wikidata.org/entity/Q2918596,Bani Na'im
http://www.wikidata.org/entity/Q1983186,Bani Suheila
http://www.wikidata.org/entity/Q244230,Bani Walid
http://www.wikidata.org/entity/Q131127,Banja Luka
http://www.wikidata.org/entity/Q193763,"Banovci, Nijemci"
http://www.wikidata.org/entity/Q144983,Banská Bystrica
http://www.wikidata.org/entity/Q520600,"Banyo, Cameroon"
http://www.wikidata.org/entity/Q21044453,Barahathawa Municipality
http://www.wikidata.org/entity/Q28223524,"Baral, Pakistan"
http://www.wikidata.org/entity/Q807271,Baranów Sandomierski
http://www.wikidata.org/entity/Q391221,"Barcelona, Venezuela"
http://www.wikidata.org/entity/Q653808,"Bardaï, Chad"
http://www.wikidata.org/entity/Q808100,"Barentu, Eritrea"
http://www.wikidata.org/entity/Q695623,Barinas city
http://www.wikidata.org/entity/Q808981,Barros Blancos
http://www.wikidata.org/entity/Q104670989,"Basilica, Cyrene"
http://www.wikidata.org/entity/Q24907536,Basti Islamabad
http://www.wikidata.org/entity/Q208725,Bat Yam
http://www.wikidata.org/entity/Q22889,"Bath, Somerset"
http://www.wikidata.org/entity/Q338844,"Batna, Algeria"
http://www.wikidata.org/entity/Q579291,Bayt al-Faqih
http://www.wikidata.org/entity/Q12200476,Bayt 'Idhaqah
http://www.wikidata.org/entity/Q4408287,"B-baria, Bangladesh"
http://www.wikidata.org/entity/Q4875694,Beach Cities
http://www.wikidata.org/entity/Q2572361,Beacon Falls
http://www.wikidata.org/entity/Q1892829,Beda Fomm
http://www.wikidata.org/entity/Q74176,Beit Hanoun
http://www.wikidata.org/entity/Q803986,Beit Lahia
http://www.wikidata.org/entity/Q803990,Beit Sahour
http://www.wikidata.org/entity/Q152368,Beit She'an
http://www.wikidata.org/entity/Q152449,Beit Shemesh
http://www.wikidata.org/entity/Q803984,Beit Yala
http://www.wikidata.org/entity/Q792199,Bela Palanka
http://www.wikidata.org/entity/Q108223,Belize City
http://www.wikidata.org/entity/Q284308,Bell Ville
http://www.wikidata.org/entity/Q815782,Bella Unión
http://www.wikidata.org/entity/Q1886737,Bella Vista
http://www.wikidata.org/entity/Q2294808,Ben Ahmed
http://www.wikidata.org/entity/Q2542724,Ben Guerir
http://www.wikidata.org/entity/Q1970952,Ben Slimane
http://www.wikidata.org/entity/Q42109661,Bengal Vinto
http://www.wikidata.org/entity/Q537462,Beni Ansar
http://www.wikidata.org/entity/Q951324,Beni Mazar
http://www.wikidata.org/entity/Q817279,Beni Mellal
http://www.wikidata.org/entity/Q394080,Beni Suef
http://www.wikidata.org/entity/Q320704,Benin City
http://www.wikidata.org/entity/Q4890987,"Beramba, Madagascar"
http://www.wikidata.org/entity/Q1152173,Berenice Panchrysos
http://www.wikidata.org/entity/Q41876951,"Berenice, Cyrenica"
http://www.wikidata.org/entity/Q22002216,"Beronono, Analamanga"
http://www.wikidata.org/entity/Q1076707,"Beyla, Guinea"
http://www.wikidata.org/entity/Q30622001,Bhaba Nagar
http://www.wikidata.org/entity/Q21746018,Bhairab Bazar
http://www.wikidata.org/entity/Q15776943,Bhiria road
http://www.wikidata.org/entity/Q855940,Biała Piska
http://www.wikidata.org/entity/Q148956,Biała Rawska
http://www.wikidata.org/entity/Q856028,Biały Bór
http://www.wikidata.org/entity/Q4902946,"Biba, Egypt"
http://www.wikidata.org/entity/Q1549591,big city
http://www.wikidata.org/entity/Q207470,Bijelo Polje
http://www.wikidata.org/entity/Q614754,Bir Lehlou
http://www.wikidata.org/entity/Q1627466,Bir Salah
http://www.wikidata.org/entity/Q5222600,"Birata, Turkmenistan"
http://www.wikidata.org/entity/Q12200575,Bire Akkar
http://www.wikidata.org/entity/Q880512,Black River
http://www.wikidata.org/entity/Q85747607,"Blackland, Texas"
http://www.wikidata.org/entity/Q2905684,Blagaj Japra
http://www.wikidata.org/entity/Q882155,"Blato, Korčula"
http://www.wikidata.org/entity/Q152467,Bnei Brak
http://www.wikidata.org/entity/Q2907474,Bni Drar
http://www.wikidata.org/entity/Q223761,Bobo Dioulasso
http://www.wikidata.org/entity/Q5637571,Bola shareef
http://www.wikidata.org/entity/Q4939784,Bollineni Hillside
http://www.wikidata.org/entity/Q2909484,"Bolo, Ethiopia"
http://www.wikidata.org/entity/Q1005972,Borek Wielkopolski
http://www.wikidata.org/entity/Q593652,Borj Cédria
http://www.wikidata.org/entity/Q104591642,Borj Louzir
http://www.wikidata.org/entity/Q1027526,Borne Sulinowo
http://www.wikidata.org/entity/Q19858176,Bou Omrane
http://www.wikidata.org/entity/Q2435851,Boumalne Dades
http://www.wikidata.org/entity/Q270734,Broken Hill
http://www.wikidata.org/entity/Q991298,Brown's Town
http://www.wikidata.org/entity/Q2102693,Brus Laguna
http://www.wikidata.org/entity/Q985649,Brześć Kujawski
http://www.wikidata.org/entity/Q995429,Brzeg Dolny
http://www.wikidata.org/entity/Q4985397,Buena Fe
http://www.wikidata.org/entity/Q1001758,Buena Vista
http://www.wikidata.org/entity/Q1486,Buenos Aires
http://www.wikidata.org/entity/Q1935438,Buey Arriba
http://www.wikidata.org/entity/Q3656,"Buin, Chile"
http://www.wikidata.org/entity/Q8253543,Bukit Baru
http://www.wikidata.org/entity/Q31925653,Burg Stargard
http://www.wikidata.org/entity/Q461313,"Burrel, Albania"
http://www.wikidata.org/entity/Q2222379,"Burton, Texas"
http://www.wikidata.org/entity/Q1155,Busto Arsizio
http://www.wikidata.org/entity/Q2997217,"Buston, Ghafurov"
http://www.wikidata.org/entity/Q991022,Bystrzyca Kłodzka
http://www.wikidata.org/entity/Q987471,Bytom Odrzański
http://www.wikidata.org/entity/Q3753,"Cañete, Chile"
http://www.wikidata.org/entity/Q858120,Caaguazú District
http://www.wikidata.org/entity/Q5017508,"Caia, Mozambique"
http://www.wikidata.org/entity/Q1026135,Cala Cala
http://www.wikidata.org/entity/Q97625957,Calabaza II
http://www.wikidata.org/entity/Q1026633,Caleta Olivia
http://www.wikidata.org/entity/Q281186,Calixto García
http://www.wikidata.org/entity/Q97619325,Calle Franco
http://www.wikidata.org/entity/Q1030509,Campbell River
http://www.wikidata.org/entity/Q216075,Cần Thơ
http://www.wikidata.org/entity/Q130238,Cap Malheureux
http://www.wikidata.org/entity/Q2937166,Capacho Viejo
http://www.wikidata.org/entity/Q16825568,Caravan city
http://www.wikidata.org/entity/Q5749247,Carissa Aurelia
http://www.wikidata.org/entity/Q192896,"Carlisle, Cumbria"
http://www.wikidata.org/entity/Q3660136,Carlos Spegazzini
http://www.wikidata.org/entity/Q1026821,Carmel City
http://www.wikidata.org/entity/Q3742,"Casablanca, Chile"
http://www.wikidata.org/entity/Q97617245,Castellar Viejo
http://www.wikidata.org/entity/Q97645904,Castillejos I
http://www.wikidata.org/entity/Q501090,Castro Urdiales
http://www.wikidata.org/entity/Q97644376,Casulillas I
http://www.wikidata.org/entity/Q1332179,Cauto Cristo
http://www.wikidata.org/entity/Q2235075,centre city
http://www.wikidata.org/entity/Q98060685,Cerco Industrial
http://www.wikidata.org/entity/Q97631170,Cerro Alcalá
http://www.wikidata.org/entity/Q56668978,Cerro Boyero
http://www.wikidata.org/entity/Q1055823,Cerro Chato
http://www.wikidata.org/entity/Q97653696,Cerro Mariana
http://www.wikidata.org/entity/Q757133,"Chachapoyas, Peru"
http://www.wikidata.org/entity/Q20809754,Chandragiri Municipality
http://www.wikidata.org/entity/Q1062463,Chane Independencia
http://www.wikidata.org/entity/Q3666877,Chbar Ampéou
http://www.wikidata.org/entity/Q2215445,Chelghoum Laïd
http://www.wikidata.org/entity/Q1069835,Chenab Nagar
http://www.wikidata.org/entity/Q976318,"Chhaya, India"
http://www.wikidata.org/entity/Q986875,Chhoti Sadri
http://www.wikidata.org/entity/Q61302,Chihuahua City
http://www.wikidata.org/entity/Q16890238,"Chilca, Cañete"
http://www.wikidata.org/entity/Q288864,"China, Texas"
http://www.wikidata.org/entity/Q990685,Chincha Alta
http://www.wikidata.org/entity/Q5105558,Chowk Azam
http://www.wikidata.org/entity/Q5115146,Chu Lai
http://www.wikidata.org/entity/Q2933923,Cinco Saltos
http://www.wikidata.org/entity/Q108525740,circular city
http://www.wikidata.org/entity/Q1020273,Ciro Redondo
http://www.wikidata.org/entity/Q5124027,city proper
http://www.wikidata.org/entity/Q26906,Ciudad Bolívar
http://www.wikidata.org/entity/Q96103622,Ciudad Cayalá
http://www.wikidata.org/entity/Q3925393,Ciudad Cortés
http://www.wikidata.org/entity/Q5124142,Ciudad Cuauhtémoc
http://www.wikidata.org/entity/Q507080,Ciudad Guayana
http://www.wikidata.org/entity/Q1094355,Ciudad Guzmán
http://www.wikidata.org/entity/Q631325,Ciudad Mier
http://www.wikidata.org/entity/Q210307,Ciudad Nezahualcóyotl
http://www.wikidata.org/entity/Q953490,Ciudad Ojeda
http://www.wikidata.org/entity/Q1094368,Ciudad Perico
http://www.wikidata.org/entity/Q56241563,Ciudad Real
http://www.wikidata.org/entity/Q24014143,Ciudad Rodrigo
http://www.wikidata.org/entity/Q604283,Coffs Harbour
http://www.wikidata.org/entity/Q12825018,Colón City
http://www.wikidata.org/entity/Q1017691,Cold Lake
http://www.wikidata.org/entity/Q3841,"Colina, Chile"
http://www.wikidata.org/entity/Q1187811,college town
http://www.wikidata.org/entity/Q2140586,Comana Pontica
http://www.wikidata.org/entity/Q221921,Comodoro Rivadavia
http://www.wikidata.org/entity/Q840962,"Concepción, Paraguay"
http://www.wikidata.org/entity/Q104657987,Concessione Secchi
http://www.wikidata.org/entity/Q652770,Coral Harbour
http://www.wikidata.org/entity/Q142778,"Coria, Cáceres"
http://www.wikidata.org/entity/Q991363,Corner Brook
http://www.wikidata.org/entity/Q3693997,Coronel Suárez
http://www.wikidata.org/entity/Q3873,"Coronel, Chile"
http://www.wikidata.org/entity/Q882907,Corozal Town
http://www.wikidata.org/entity/Q48290,"Cosquín, Córdoba"
http://www.wikidata.org/entity/Q8693,"Coswig, Saxony"
http://www.wikidata.org/entity/Q713146,County-administered city
http://www.wikidata.org/entity/Q23498869,Creek Town
http://www.wikidata.org/entity/Q5963243,crossroads site
http://www.wikidata.org/entity/Q16890775,Crown Sydney
http://www.wikidata.org/entity/Q1142846,Cuatro Cañadas
http://www.wikidata.org/entity/Q54886,"Cuenca, Ecuador"
http://www.wikidata.org/entity/Q104658082,"Curia, Sabratha"
http://www.wikidata.org/entity/Q2364886,Curuzú Cuatiá
http://www.wikidata.org/entity/Q970536,Cutral Có
http://www.wikidata.org/entity/Q584966,Czarna Białostocka
http://www.wikidata.org/entity/Q25282,Da Nang
http://www.wikidata.org/entity/Q986406,Dąbrowa Białostocka
http://www.wikidata.org/entity/Q108672,Dąbrowa Górnicza
http://www.wikidata.org/entity/Q324971,Dąbrowa Tarnowska
http://www.wikidata.org/entity/Q3011860,Daga Post
http://www.wikidata.org/entity/Q108037197,dan yang
http://www.wikidata.org/entity/Q4166337,Dar el-Salam
http://www.wikidata.org/entity/Q5222112,Darat Izza
http://www.wikidata.org/entity/Q5222600,Dargan Ata
http://www.wikidata.org/entity/Q1012625,Dawson Creek
http://www.wikidata.org/entity/Q5243296,Dayr Hafir
http://www.wikidata.org/entity/Q525817,Deán Funes
http://www.wikidata.org/entity/Q1010979,Dedoplis Tskaro
http://www.wikidata.org/entity/Q14207530,Deep Creek
http://www.wikidata.org/entity/Q557383,Deir al-Balah
http://www.wikidata.org/entity/Q2147497,Deir Atiyah
http://www.wikidata.org/entity/Q239097,Deir ez-Zor
http://www.wikidata.org/entity/Q3652748,Deir Mawas
http://www.wikidata.org/entity/Q2563156,Dembi Dollo
http://www.wikidata.org/entity/Q33432868,Den Helder
http://www.wikidata.org/entity/Q3022456,Dengel Ber
http://www.wikidata.org/entity/Q12212707,Dhi Bin
http://www.wikidata.org/entity/Q25990692,Dhingana City
http://www.wikidata.org/entity/Q3696182,Dibba Al-Fujairah
http://www.wikidata.org/entity/Q747470,"Dimitrovgrad, Serbia"
http://www.wikidata.org/entity/Q193486,Dire Dawa
http://www.wikidata.org/entity/Q8452914,district town
http://www.wikidata.org/entity/Q3032422,Divodurum Mediomatricorum
http://www.wikidata.org/entity/Q1505099,Dobre Miasto
http://www.wikidata.org/entity/Q2569014,Dock Sud
http://www.wikidata.org/entity/Q20736196,Dodhara-Chandani Municipality
http://www.wikidata.org/entity/Q3033674,"Dodola, Ethiopia"
http://www.wikidata.org/entity/Q1766104,Don Bosco
http://www.wikidata.org/entity/Q2743879,Don Torcuato
http://www.wikidata.org/entity/Q1002286,Donji Milanovac
http://www.wikidata.org/entity/Q403446,"Douma, Syria"
http://www.wikidata.org/entity/Q326123,Drawsko Pomorskie
http://www.wikidata.org/entity/Q31069548,Dunmurry West
http://www.wikidata.org/entity/Q2435966,"Dura, Hebron"
http://www.wikidata.org/entity/Q179815,"Durham, England"
http://www.wikidata.org/entity/Q1982983,Ștefan Vodă
http://www.wikidata.org/entity/Q209537,East London
http://www.wikidata.org/entity/Q209978,"Edessa, Greece"
http://www.wikidata.org/entity/Q1266029,edge city
http://www.wikidata.org/entity/Q1940256,"Eglon, Canaan"
http://www.wikidata.org/entity/Q20641708,Ejido Mochis
http://www.wikidata.org/entity/Q12189989,El Abassia
http://www.wikidata.org/entity/Q41339,El Agheila
http://www.wikidata.org/entity/Q204439,El Alamein
http://www.wikidata.org/entity/Q30996,El Alto
http://www.wikidata.org/entity/Q1323834,El Amparo
http://www.wikidata.org/entity/Q126308,El Bayyada
http://www.wikidata.org/entity/Q8772897,El Carmen
http://www.wikidata.org/entity/Q18788784,El Carrizo
http://www.wikidata.org/entity/Q3049816,El Consejo
http://www.wikidata.org/entity/Q5351356,El Guabo
http://www.wikidata.org/entity/Q548805,El Hiba
http://www.wikidata.org/entity/Q219583,El Jadida
http://www.wikidata.org/entity/Q12191490,El Kantara
http://www.wikidata.org/entity/Q1324317,El Limón
http://www.wikidata.org/entity/Q1642636,El Oued
http://www.wikidata.org/entity/Q5639815,El Pangui
http://www.wikidata.org/entity/Q29828788,El Parco
http://www.wikidata.org/entity/Q2277161,El Progreso
http://www.wikidata.org/entity/Q2412778,El Roble
http://www.wikidata.org/entity/Q5599705,El Saff
http://www.wikidata.org/entity/Q1026982,El Salvador
http://www.wikidata.org/entity/Q12188944,El Shorouk
http://www.wikidata.org/entity/Q770653,El Taref
http://www.wikidata.org/entity/Q1020297,El Tigre
http://www.wikidata.org/entity/Q1324653,El Tocuyo
http://www.wikidata.org/entity/Q5352286,El Triunfo
http://www.wikidata.org/entity/Q4119153,El Zarqa
http://www.wikidata.org/entity/Q4063326,el-Kharga Town
http://www.wikidata.org/entity/Q312723,El-Mahalla El-Kubra
http://www.wikidata.org/entity/Q1324574,El-Qantarah el-Sharqiyya
http://www.wikidata.org/entity/Q209176,"Ely, Cambridgeshire"
http://www.wikidata.org/entity/Q482858,"Emery, Utah"
http://www.wikidata.org/entity/Q2670191,Emiliano Zapata
http://www.wikidata.org/entity/Q49298126,Entebbe Municipality
http://www.wikidata.org/entity/Q149955,"Esmeraldas, Ecuador"
http://www.wikidata.org/entity/Q24573853,Ettal Village
http://www.wikidata.org/entity/Q1375749,European City
http://www.wikidata.org/entity/Q1010823,Ezbet el-Borg
http://www.wikidata.org/entity/Q99239828,Eziama Urata
http://www.wikidata.org/entity/Q990122,Fada N'gourma
http://www.wikidata.org/entity/Q1436362,Falerii Novi
http://www.wikidata.org/entity/Q14208893,Farafra town
http://www.wikidata.org/entity/Q10280269,Fateh Pur
http://www.wikidata.org/entity/Q537250,federal city
http://www.wikidata.org/entity/Q183104,"Feldkirch, Vorarlberg"
http://www.wikidata.org/entity/Q10054424,Fengtian Fu
http://www.wikidata.org/entity/Q1404724,"Feni, Bangladesh"
http://www.wikidata.org/entity/Q1407440,Fernández Alonso
http://www.wikidata.org/entity/Q12890620,Fernando Echenique
http://www.wikidata.org/entity/Q2354276,Finote Selam
http://www.wikidata.org/entity/Q666831,Flin Flon
http://www.wikidata.org/entity/Q2359107,Florencio Varela
http://www.wikidata.org/entity/Q842472,"Florida, Uruguay"
http://www.wikidata.org/entity/Q44214,"Formosa, Argentina"
http://www.wikidata.org/entity/Q3077739,Fort Lamy
http://www.wikidata.org/entity/Q1438830,Fort William
http://www.wikidata.org/entity/Q677678,fortified town
http://www.wikidata.org/entity/Q280950,Frank País
http://www.wikidata.org/entity/Q849835,Fray Bentos
http://www.wikidata.org/entity/Q97628403,Fuente Seca
http://www.wikidata.org/entity/Q1025309,Głogów Małopolski
http://www.wikidata.org/entity/Q985642,Góra Kalwaria
http://www.wikidata.org/entity/Q1009549,"Gabela, Angola"
http://www.wikidata.org/entity/Q25377665,gambling city
http://www.wikidata.org/entity/Q12979864,Gangavalli taluk
http://www.wikidata.org/entity/Q21550633,garden city
http://www.wikidata.org/entity/Q1512154,"Garfield, Washington"
http://www.wikidata.org/entity/Q740050,"Gaur, Nepal"
http://www.wikidata.org/entity/Q47492,Gaza City
http://www.wikidata.org/entity/Q2284679,General Alvear
http://www.wikidata.org/entity/Q778941,General Escobedo
http://www.wikidata.org/entity/Q938803,General Levalle
http://www.wikidata.org/entity/Q5532089,General Pacheco
http://www.wikidata.org/entity/Q58349,General Pico
http://www.wikidata.org/entity/Q52506,General Roca
http://www.wikidata.org/entity/Q2363248,General Rodríguez
http://www.wikidata.org/entity/Q3123278,General Villamil
http://www.wikidata.org/entity/Q61092,George Town
http://www.wikidata.org/entity/Q10717,"Georgetown, Guyana"
http://www.wikidata.org/entity/Q129789,Girkê Legê
http://www.wikidata.org/entity/Q208511,global city
http://www.wikidata.org/entity/Q2100648,Gobernador Virasoro
http://www.wikidata.org/entity/Q1189982,Godoy Cruz
http://www.wikidata.org/entity/Q140075,Gold Coast
http://www.wikidata.org/entity/Q170872,Good Hope
http://www.wikidata.org/entity/Q19583,"Gori, Georgia"
http://www.wikidata.org/entity/Q15868,Gornja Radgona
http://www.wikidata.org/entity/Q851946,Gornji Petrovci
http://www.wikidata.org/entity/Q924098,Gornji Vakuf-Uskoplje
http://www.wikidata.org/entity/Q995828,Gorzów Śląski
http://www.wikidata.org/entity/Q104731,Gorzów Wielkopolski
http://www.wikidata.org/entity/Q55862,"Goya, Argentina"
http://www.wikidata.org/entity/Q3112862,Goz Beïda
http://www.wikidata.org/entity/Q5594127,Granadero Baigorria
http://www.wikidata.org/entity/Q992154,Grand Baie
http://www.wikidata.org/entity/Q5594333,Grand Bourg
http://www.wikidata.org/entity/Q1102140,Grand Lahou
http://www.wikidata.org/entity/Q1543067,Grange Hill
http://www.wikidata.org/entity/Q2711899,Greater Noida
http://www.wikidata.org/entity/Q383434,Greater Sudbury
http://www.wikidata.org/entity/Q924078,Grodzisk Mazowiecki
http://www.wikidata.org/entity/Q52829,Grodzisk Wielkopolski
http://www.wikidata.org/entity/Q988179,Gryfów Śląski
http://www.wikidata.org/entity/Q1555,Guatemala City
http://www.wikidata.org/entity/Q23013009,"Guere, Cameroon"
http://www.wikidata.org/entity/Q3049021,Gujar Khan
http://www.wikidata.org/entity/Q4151853,"Gulistan, Balochistan"
http://www.wikidata.org/entity/Q49298135,Gulu Municipality
http://www.wikidata.org/entity/Q3125264,Habban District
http://www.wikidata.org/entity/Q2088687,Hamad Town
http://www.wikidata.org/entity/Q3126323,Hamady Ounaré
http://www.wikidata.org/entity/Q4495294,Hamam al-Alil
http://www.wikidata.org/entity/Q15927358,"Handan, Zhao"
http://www.wikidata.org/entity/Q165380,Hann. Münden
http://www.wikidata.org/entity/Q707813,Hanseatic city
http://www.wikidata.org/entity/Q190184,Harar Jugol
http://www.wikidata.org/entity/Q2357510,Harbour Island
http://www.wikidata.org/entity/Q71037,Hasan Abdal
http://www.wikidata.org/entity/Q2414390,"Hato, Curaçao"
http://www.wikidata.org/entity/Q1013389,Henties Bay
http://www.wikidata.org/entity/Q11925431,Heraclaeium Tauricus
http://www.wikidata.org/entity/Q249480,Herakleopolis Magna
http://www.wikidata.org/entity/Q193103,Herceg Novi
http://www.wikidata.org/entity/Q990001,Heroica Nogales
http://www.wikidata.org/entity/Q1962272,Heroica Zitácuaro
http://www.wikidata.org/entity/Q52153735,Heronem Trebirorum
http://www.wikidata.org/entity/Q606324,Hervey Bay
http://www.wikidata.org/entity/Q3010697,Hibiscus Coast
http://www.wikidata.org/entity/Q2421186,Hoa Lu
http://www.wikidata.org/entity/Q152379,Hod HaSharon
http://www.wikidata.org/entity/Q49298138,Hoima Municipality
http://www.wikidata.org/entity/Q1009161,Homa Bay
http://www.wikidata.org/entity/Q8646,Hong Kong
http://www.wikidata.org/entity/Q2699709,Hope Town
http://www.wikidata.org/entity/Q15260353,host city
http://www.wikidata.org/entity/Q180139,Hradec Králové
http://www.wikidata.org/entity/Q667576,Hua Hin
http://www.wikidata.org/entity/Q97616963,Huerta Murillo
http://www.wikidata.org/entity/Q877229,Huining Prefecture
http://www.wikidata.org/entity/Q9300715,Hunjiang City
http://www.wikidata.org/entity/Q13635068,Hybla Heraea
http://www.wikidata.org/entity/Q11925576,Hybla Major
http://www.wikidata.org/entity/Q1656724,ideal city
http://www.wikidata.org/entity/Q49298141,Iganga Municipality
http://www.wikidata.org/entity/Q65298155,Ikot Ekpene
http://www.wikidata.org/entity/Q15876,Ilirska Bistrica
http://www.wikidata.org/entity/Q23499058,Imesi Ile
http://www.wikidata.org/entity/Q15092400,independent city
http://www.wikidata.org/entity/Q1662118,industrial city
http://www.wikidata.org/entity/Q2205145,Ingeniero Jacobacci
http://www.wikidata.org/entity/Q1665908,Interamna Lirenas
http://www.wikidata.org/entity/Q1009253,"Ipswich, Queensland"
http://www.wikidata.org/entity/Q19657399,Iri City
http://www.wikidata.org/entity/Q1017673,Isa Town
http://www.wikidata.org/entity/Q4650216,Iskandar Puteri
http://www.wikidata.org/entity/Q97623925,Isla Mezquita
http://www.wikidata.org/entity/Q721163,"Itō, Shizuoka"
http://www.wikidata.org/entity/Q1002533,Izbica Kujawska
http://www.wikidata.org/entity/Q643761,Jabłonowo Pomorskie
http://www.wikidata.org/entity/Q2573456,Jagüey Grande
http://www.wikidata.org/entity/Q6125981,Jalalpur Bhattian
http://www.wikidata.org/entity/Q954036,Jalalpur Jattan
http://www.wikidata.org/entity/Q991840,Janów Lubelski
http://www.wikidata.org/entity/Q948367,Janowiec Wielkopolski
http://www.wikidata.org/entity/Q3115487,Jardín América
http://www.wikidata.org/entity/Q6166116,"Jawi, Penang"
http://www.wikidata.org/entity/Q990188,Jaworzyna Śląska
http://www.wikidata.org/entity/Q147934,Jelenia Góra
http://www.wikidata.org/entity/Q48288,Jesús María
http://www.wikidata.org/entity/Q1332144,Jesús Menéndez
http://www.wikidata.org/entity/Q1330939,Jiaohe Ruins
http://www.wikidata.org/entity/Q501709,"Jinja, Uganda"
http://www.wikidata.org/entity/Q798765,Jisr al-Shughur
http://www.wikidata.org/entity/Q9293211,José Mármol
http://www.wikidata.org/entity/Q3131511,Juan Griego
http://www.wikidata.org/entity/Q1025801,"Juigalpa, Chontales"
http://www.wikidata.org/entity/Q992920,Kąty Wrocławskie
http://www.wikidata.org/entity/Q49298148,Kabale Municipality
http://www.wikidata.org/entity/Q10542373,Kadam Rasul
http://www.wikidata.org/entity/Q335769,Kafr el-Dawwar
http://www.wikidata.org/entity/Q328176,Kafr el-Sheikh
http://www.wikidata.org/entity/Q152659,Kafr Qasim
http://www.wikidata.org/entity/Q4118025,Kafr Saad
http://www.wikidata.org/entity/Q5607284,Kafr Shukr
http://www.wikidata.org/entity/Q20809750,Kageshwori Manohara
http://www.wikidata.org/entity/Q3132397,Kago Kaju
http://www.wikidata.org/entity/Q3695300,Kahror Pakka
http://www.wikidata.org/entity/Q2506989,"Kalaiya, Nepal"
http://www.wikidata.org/entity/Q989561,Kalisz Pomorski
http://www.wikidata.org/entity/Q389860,Kalwaria Zebrzydowska
http://www.wikidata.org/entity/Q763770,"Kamenica, Kosovo"
http://www.wikidata.org/entity/Q1021223,Kamień Krajeński
http://www.wikidata.org/entity/Q855724,Kampong Cham
http://www.wikidata.org/entity/Q1048147,Kampong Chhnang
http://www.wikidata.org/entity/Q976223,Kampong Thom
http://www.wikidata.org/entity/Q861270,"Kan'onji, Kagawa"
http://www.wikidata.org/entity/Q1012887,Karadeniz Ereğli
http://www.wikidata.org/entity/Q6368203,"Karala, Delhi"
http://www.wikidata.org/entity/Q3233902,"Karayılan, İskenderun"
http://www.wikidata.org/entity/Q1987828,"Kareli, Georgia"
http://www.wikidata.org/entity/Q384544,Karlovy Vary
http://www.wikidata.org/entity/Q21994179,Kasaka LCI
http://www.wikidata.org/entity/Q600893,"Kasama, Zambia"
http://www.wikidata.org/entity/Q49298162,Kasese Municipality
http://www.wikidata.org/entity/Q864100,Katima Mulilo
http://www.wikidata.org/entity/Q319740,"Kawagoe, Saitama"
http://www.wikidata.org/entity/Q384755,Kawartha Lakes
http://www.wikidata.org/entity/Q774098,Kazimierz Dolny
http://www.wikidata.org/entity/Q1406641,Kazimierza Wielka
http://www.wikidata.org/entity/Q945473,Kazlų Rūda
http://www.wikidata.org/entity/Q3194845,"Kele, Ethiopia"
http://www.wikidata.org/entity/Q186056,"Kenge, Bandundu"
http://www.wikidata.org/entity/Q152436,Kfar Saba
http://www.wikidata.org/entity/Q15272287,Khairpur Tamiwali
http://www.wikidata.org/entity/Q1247205,Khan Abad
http://www.wikidata.org/entity/Q309348,Khan Yunis
http://www.wikidata.org/entity/Q310114,Khartoum North
http://www.wikidata.org/entity/Q34692,"Kingston, Jamaica"
http://www.wikidata.org/entity/Q152602,Kiryat Ata
http://www.wikidata.org/entity/Q152374,Kiryat Bialik
http://www.wikidata.org/entity/Q152406,Kiryat Gat
http://www.wikidata.org/entity/Q501543,Kiryat Malakhi
http://www.wikidata.org/entity/Q152567,Kiryat Motzkin
http://www.wikidata.org/entity/Q152501,Kiryat Ono
http://www.wikidata.org/entity/Q327413,Kiryat Shmona
http://www.wikidata.org/entity/Q152387,Kiryat Yam
http://www.wikidata.org/entity/Q200166,"Kitchener, Ontario"
http://www.wikidata.org/entity/Q24261002,"Kittrell, Texas"
http://www.wikidata.org/entity/Q278613,"Klos, Mat"
http://www.wikidata.org/entity/Q679745,Koźmin Wielkopolski
http://www.wikidata.org/entity/Q1375645,Koh Kong
http://www.wikidata.org/entity/Q138833,Kom Ombo
http://www.wikidata.org/entity/Q2239,Kongens Lyngby
http://www.wikidata.org/entity/Q1025320,Kosów Lacki
http://www.wikidata.org/entity/Q786124,Kosovo Polje
http://www.wikidata.org/entity/Q178168,Kosovska Mitrovica
http://www.wikidata.org/entity/Q1260951,Kot Addu
http://www.wikidata.org/entity/Q3695241,Kot Momin
http://www.wikidata.org/entity/Q137271,Kota Kinabalu
http://www.wikidata.org/entity/Q1288480,Kowalewo Pomorskie
http://www.wikidata.org/entity/Q578396,Kriva Palanka
http://www.wikidata.org/entity/Q14204826,Krong Kep
http://www.wikidata.org/entity/Q148947,Krosno Odrzańskie
http://www.wikidata.org/entity/Q1021294,Krzyż Wielkopolski
http://www.wikidata.org/entity/Q52603,Ksar el-Kebir
http://www.wikidata.org/entity/Q1007342,Książ Wielkopolski
http://www.wikidata.org/entity/Q846502,Kuala Terengganu
http://www.wikidata.org/entity/Q554824,Kuźnia Raciborska
http://www.wikidata.org/entity/Q277936,Kudirkos Naumiestis
http://www.wikidata.org/entity/Q3200312,"Kula, Ethiopia"
http://www.wikidata.org/entity/Q271917,"Kushiro, Hokkaidō"
http://www.wikidata.org/entity/Q35178,Kuwait City
http://www.wikidata.org/entity/Q55616318,"Kwale, Nigeria"
http://www.wikidata.org/entity/Q860689,La Asunción
http://www.wikidata.org/entity/Q1798658,La Bélgica
http://www.wikidata.org/entity/Q1442670,La Bañeza
http://www.wikidata.org/entity/Q1494067,La Banda
http://www.wikidata.org/entity/Q97631669,La Calderona
http://www.wikidata.org/entity/Q3713,La Calera
http://www.wikidata.org/entity/Q916536,La Ceiba
http://www.wikidata.org/entity/Q774405,La Chorrera
http://www.wikidata.org/entity/Q16587384,La Concordia
http://www.wikidata.org/entity/Q2608785,La Democracia
http://www.wikidata.org/entity/Q3626200,La Entrada
http://www.wikidata.org/entity/Q2561304,La Esperanza
http://www.wikidata.org/entity/Q3134346,La Grita
http://www.wikidata.org/entity/Q873405,La Guaira
http://www.wikidata.org/entity/Q257326,La Higuera
http://www.wikidata.org/entity/Q3847025,La Huerta
http://www.wikidata.org/entity/Q2279521,La Lima
http://www.wikidata.org/entity/Q2523409,La Maná
http://www.wikidata.org/entity/Q1014543,La Merced
http://www.wikidata.org/entity/Q97631247,La Monaria
http://www.wikidata.org/entity/Q97624152,La Muralla
http://www.wikidata.org/entity/Q1759360,La Oroya
http://www.wikidata.org/entity/Q1491,La Paz
http://www.wikidata.org/entity/Q1799019,La Piedad
http://www.wikidata.org/entity/Q44236,La Rioja
http://www.wikidata.org/entity/Q82185,La Rochelle
http://www.wikidata.org/entity/Q97625159,La Saetilla
http://www.wikidata.org/entity/Q861630,La Sierpe
http://www.wikidata.org/entity/Q6465543,La Troncal
http://www.wikidata.org/entity/Q2022508,La Unión
http://www.wikidata.org/entity/Q4251679,La Ventosa
http://www.wikidata.org/entity/Q590133,La Victoria
http://www.wikidata.org/entity/Q5968987,Laguna Alsina
http://www.wikidata.org/entity/Q1018501,Lahad Datu
http://www.wikidata.org/entity/Q205905,"Lancaster, Lancashire"
http://www.wikidata.org/entity/Q11931178,Larissa d'Assíria
http://www.wikidata.org/entity/Q1024157,Las Delicias
http://www.wikidata.org/entity/Q2204862,Las Heras
http://www.wikidata.org/entity/Q6492291,Las Lomitas
http://www.wikidata.org/entity/Q12893305,Las Martínez
http://www.wikidata.org/entity/Q926587,Las Parejas
http://www.wikidata.org/entity/Q615470,Las Piedras
http://www.wikidata.org/entity/Q2712890,Las Tablas
http://www.wikidata.org/entity/Q10316445,Las Varillas
http://www.wikidata.org/entity/Q476800,Lashkar Gah
http://www.wikidata.org/entity/Q13410,"Latina, Lazio"
http://www.wikidata.org/entity/Q13648,Le Tampon
http://www.wikidata.org/entity/Q2090598,"Lerik, Azerbaijan"
http://www.wikidata.org/entity/Q23640644,Levitical city
http://www.wikidata.org/entity/Q264172,Lewin Brzeski
http://www.wikidata.org/entity/Q4312918,Liao Nanjing
http://www.wikidata.org/entity/Q28419396,Lilong Chajing
http://www.wikidata.org/entity/Q428986,Linear city
http://www.wikidata.org/entity/Q1827268,Lionel Town
http://www.wikidata.org/entity/Q1015699,"Lira, Uganda"
http://www.wikidata.org/entity/Q332989,"Loja, Granada"
http://www.wikidata.org/entity/Q97631664,Los Alcores
http://www.wikidata.org/entity/Q65,Los Angeles
http://www.wikidata.org/entity/Q1817441,Los Guayos
http://www.wikidata.org/entity/Q695631,Los Teques
http://www.wikidata.org/entity/Q1015681,Lower Hutt
http://www.wikidata.org/entity/Q190165,Luang Prabang
http://www.wikidata.org/entity/Q1005855,Lubień Kujawski
http://www.wikidata.org/entity/Q6704167,"Lundu, Sarawak"
http://www.wikidata.org/entity/Q1547289,Luther city
http://www.wikidata.org/entity/Q219382,Lwówek Śląski
http://www.wikidata.org/entity/Q146342,Město Teplice
http://www.wikidata.org/entity/Q502272,Ma'ale Adumim
http://www.wikidata.org/entity/Q728226,Maarrat al-Nu'man
http://www.wikidata.org/entity/Q6721179,Maarrat Misrin
http://www.wikidata.org/entity/Q211252,Madinat Al-Zahra
http://www.wikidata.org/entity/Q12241857,Madinat Zayed
http://www.wikidata.org/entity/Q4274214,"Magura, Bangladesh"
http://www.wikidata.org/entity/Q1938572,"Mahmoudiyah, Egypt"
http://www.wikidata.org/entity/Q1280822,Maków Podhalański
http://www.wikidata.org/entity/Q11481809,Makuhari Baytown
http://www.wikidata.org/entity/Q16258,"Maldonado, Uruguay"
http://www.wikidata.org/entity/Q3281850,Malem Hodar
http://www.wikidata.org/entity/Q1252806,Mandi Bahauddin
http://www.wikidata.org/entity/Q223587,"Mansoura, Egypt"
http://www.wikidata.org/entity/Q12193891,"Mansura, Raqqa"
http://www.wikidata.org/entity/Q751418,Manuel Tames
http://www.wikidata.org/entity/Q16740,Maple Ridge
http://www.wikidata.org/entity/Q1016881,Marcos Juárez
http://www.wikidata.org/entity/Q65307495,Mary Geoise
http://www.wikidata.org/entity/Q5713,"Mary, Turkmenistan"
http://www.wikidata.org/entity/Q49298214,Masaka Municipality
http://www.wikidata.org/entity/Q545707,"Mascara, Algeria"
http://www.wikidata.org/entity/Q49298216,Masindi Municipality
http://www.wikidata.org/entity/Q11936119,Massa Veternensis
http://www.wikidata.org/entity/Q6792576,Maungdaw Township
http://www.wikidata.org/entity/Q1677434,May Pen
http://www.wikidata.org/entity/Q49298221,Mbale Municipality
http://www.wikidata.org/entity/Q49298222,Mbarara Municipality
http://www.wikidata.org/entity/Q980895,"Mbini, city"
http://www.wikidata.org/entity/Q1904178,Meadow Lake
http://www.wikidata.org/entity/Q995690,Media Luna
http://www.wikidata.org/entity/Q5770868,medieval city
http://www.wikidata.org/entity/Q5107861,medieval commune
http://www.wikidata.org/entity/Q2855339,Medina Elvira
http://www.wikidata.org/entity/Q3304215,"Mega, Ethiopia"
http://www.wikidata.org/entity/Q1175519,megyei város
http://www.wikidata.org/entity/Q3304799,Mekane Berhan
http://www.wikidata.org/entity/Q3304801,Mekane Selam
http://www.wikidata.org/entity/Q973781,"Melissa, Texas"
http://www.wikidata.org/entity/Q44237,"Mendoza, Argentina"
http://www.wikidata.org/entity/Q6817855,"Mera, Pastaza"
http://www.wikidata.org/entity/Q20982437,"Merawi, Ethiopia"
http://www.wikidata.org/entity/Q844914,"Mercedes, Uruguay"
http://www.wikidata.org/entity/Q23013064,"Meri, Cameroon"
http://www.wikidata.org/entity/Q393829,Mersa Matruh
http://www.wikidata.org/entity/Q36989,Mesto Pardubice
http://www.wikidata.org/entity/Q1489,Mexico City
http://www.wikidata.org/entity/Q4311575,Mian Channu
http://www.wikidata.org/entity/Q101145616,Mian Sahib
http://www.wikidata.org/entity/Q701651,Miaoli City
http://www.wikidata.org/entity/Q1421485,Miejska Górka
http://www.wikidata.org/entity/Q168337,Migdal HaEmek
http://www.wikidata.org/entity/Q310117,"Minya, Egypt"
http://www.wikidata.org/entity/Q1020490,Mirpur Khas
http://www.wikidata.org/entity/Q3306408,Mirpur Mathelo
http://www.wikidata.org/entity/Q337123,Mit Ghamr
http://www.wikidata.org/entity/Q191805,Mladá Boleslav
http://www.wikidata.org/entity/Q168140,Modi'in Illit
http://www.wikidata.org/entity/Q1695650,Mong La
http://www.wikidata.org/entity/Q540895,"Mongo, Chad"
http://www.wikidata.org/entity/Q97619324,Monja Victoria
http://www.wikidata.org/entity/Q765820,Monte Caseros
http://www.wikidata.org/entity/Q3319094,Monte Chingolo
http://www.wikidata.org/entity/Q1017554,Monte Grande
http://www.wikidata.org/entity/Q637555,Montego Bay
http://www.wikidata.org/entity/Q1019496,Moose Jaw
http://www.wikidata.org/entity/Q429741,Morant Bay
http://www.wikidata.org/entity/Q49298225,Moroto Municipality
http://www.wikidata.org/entity/Q3325049,"Mota, Ethiopia"
http://www.wikidata.org/entity/Q327348,Mount Gambier
http://www.wikidata.org/entity/Q1017362,Mount Hagen
http://www.wikidata.org/entity/Q606335,Mount Isa
http://www.wikidata.org/entity/Q1951490,Mrauk U
http://www.wikidata.org/entity/Q1026957,Muang Xay
http://www.wikidata.org/entity/Q49298227,Mukono Municipality
http://www.wikidata.org/entity/Q97166215,Municipal city
http://www.wikidata.org/entity/Q51003,Murowana Goślina
http://www.wikidata.org/entity/Q1641083,Murray Bridge
http://www.wikidata.org/entity/Q15899,Murska Sobota
http://www.wikidata.org/entity/Q15260737,"Nachingwea, Tanzania"
http://www.wikidata.org/entity/Q270754,Nag Hammadi
http://www.wikidata.org/entity/Q128849,"Nagano, Nagano"
http://www.wikidata.org/entity/Q20809745,Nagarjun Municipality
http://www.wikidata.org/entity/Q1026898,Naina Devi
http://www.wikidata.org/entity/Q969144,"Nakfa, Eritrea"
http://www.wikidata.org/entity/Q12435629,Nala Sopara
http://www.wikidata.org/entity/Q17077319,Nangal Choudhary
http://www.wikidata.org/entity/Q24882650,Nangal Kalan
http://www.wikidata.org/entity/Q28154023,Nangal Rajawatan
http://www.wikidata.org/entity/Q2353077,Nankana Sahib
http://www.wikidata.org/entity/Q948343,"Naolinco, Veracruz"
http://www.wikidata.org/entity/Q835848,Naujoji Akmenė
http://www.wikidata.org/entity/Q61445,Navi Mumbai
http://www.wikidata.org/entity/Q25110526,Nawar Valley
http://www.wikidata.org/entity/Q6983051,Naya Raipur
http://www.wikidata.org/entity/Q1021592,Nea Filadelfeia
http://www.wikidata.org/entity/Q530191,Nea Ionia
http://www.wikidata.org/entity/Q10891328,Nefas Mewcha
http://www.wikidata.org/entity/Q2714363,Negele Boran
http://www.wikidata.org/entity/Q168162,Ness Ziona
http://www.wikidata.org/entity/Q96395299,New Alamein
http://www.wikidata.org/entity/Q923811,New Amsterdam
http://www.wikidata.org/entity/Q7005391,New Aswan
http://www.wikidata.org/entity/Q7005393,New Asyut
http://www.wikidata.org/entity/Q12191144,New Cairo
http://www.wikidata.org/entity/Q23498650,New Calabar
http://www.wikidata.org/entity/Q12211943,New Damietta
http://www.wikidata.org/entity/Q12193973,New Minya
http://www.wikidata.org/entity/Q212984,New Plymouth
http://www.wikidata.org/entity/Q244898,New Taipei
http://www.wikidata.org/entity/Q2708449,New Tiraspol
http://www.wikidata.org/entity/Q987754,Newcastle West
http://www.wikidata.org/entity/Q274120,Niagara Falls
http://www.wikidata.org/entity/Q1026991,Niceto Pérez
http://www.wikidata.org/entity/Q7037160,"Nilore, Islamabad"
http://www.wikidata.org/entity/Q96395867,Nithari Village
http://www.wikidata.org/entity/Q4623904,Njombe Mjini
http://www.wikidata.org/entity/Q1370650,Nkhata Bay
http://www.wikidata.org/entity/Q167659,Nof HaGalil
http://www.wikidata.org/entity/Q51049,"Nogales, Chile"
http://www.wikidata.org/entity/Q385229,Norfolk County
http://www.wikidata.org/entity/Q912253,North Bay
http://www.wikidata.org/entity/Q2762100,North Nicosia
http://www.wikidata.org/entity/Q1018,Nova Gorica
http://www.wikidata.org/entity/Q367273,Nova Varoš
http://www.wikidata.org/entity/Q55630,Novi Sad
http://www.wikidata.org/entity/Q11939009,Noviodunum Biturigum
http://www.wikidata.org/entity/Q5266,Novo mesto
http://www.wikidata.org/entity/Q610917,Nowa Dęba
http://www.wikidata.org/entity/Q2518084,Nowa Słupia
http://www.wikidata.org/entity/Q1946089,Nowa Sarzyna
http://www.wikidata.org/entity/Q2341047,Nowe Brzesko
http://www.wikidata.org/entity/Q431628,Nowe Miasteczko
http://www.wikidata.org/entity/Q557257,Nowe Skalmierzyce
http://www.wikidata.org/entity/Q337814,Nowe Warpno
http://www.wikidata.org/entity/Q1023760,Nowogród Bobrzański
http://www.wikidata.org/entity/Q1008390,Nowy Korczyn
http://www.wikidata.org/entity/Q802,Nowy Sącz
http://www.wikidata.org/entity/Q1021282,Nowy Staw
http://www.wikidata.org/entity/Q52893,Nowy Tomyśl
http://www.wikidata.org/entity/Q1011553,Nowy Wiśnicz
http://www.wikidata.org/entity/Q49298242,Ntungamo Municipality
http://www.wikidata.org/entity/Q5124170,Nueva Cáceres
http://www.wikidata.org/entity/Q833946,Nueva Gerona
http://www.wikidata.org/entity/Q999572,Nueva Helvecia
http://www.wikidata.org/entity/Q683938,Nueva Loja
http://www.wikidata.org/entity/Q3307235,Nueva Ocotepeque
http://www.wikidata.org/entity/Q1023521,Nueva Palmira
http://www.wikidata.org/entity/Q1714088,Nuevo Berlín
http://www.wikidata.org/entity/Q328846,Nuevo Laredo
http://www.wikidata.org/entity/Q1340579,Nuwara Eliya
http://www.wikidata.org/entity/Q12699022,Nwa Subdivision
http://www.wikidata.org/entity/Q13638193,"Nyýazow, Turkmenistan"
http://www.wikidata.org/entity/Q528679,"Nyanza, Rwanda"
http://www.wikidata.org/entity/Q986435,Nykøbing Falster
http://www.wikidata.org/entity/Q3347804,O Smach
http://www.wikidata.org/entity/Q1005350,Ośno Lubuskie
http://www.wikidata.org/entity/Q1902266,Ożarów Mazowiecki
http://www.wikidata.org/entity/Q936101,Oborniki Śląskie
http://www.wikidata.org/entity/Q4120190,Obour City
http://www.wikidata.org/entity/Q269622,Old Cölln
http://www.wikidata.org/entity/Q3242297,Old Delhi
http://www.wikidata.org/entity/Q771267,Old Harbour
http://www.wikidata.org/entity/Q12220316,old Sana
http://www.wikidata.org/entity/Q1853310,Ondo City
http://www.wikidata.org/entity/Q941948,"Oni, Georgia"
http://www.wikidata.org/entity/Q1906256,Opole Lubelskie
http://www.wikidata.org/entity/Q1814658,Or Akiva
http://www.wikidata.org/entity/Q950347,Or Yehuda
http://www.wikidata.org/entity/Q3356822,"Ortiz, Guárico"
http://www.wikidata.org/entity/Q1946017,Ostrów Lubelski
http://www.wikidata.org/entity/Q97644429,Osuna I
http://www.wikidata.org/entity/Q97644437,Osuna III
http://www.wikidata.org/entity/Q3099183,Oued Laou
http://www.wikidata.org/entity/Q3358051,Oued Zarga
http://www.wikidata.org/entity/Q1724990,Oued Zem
http://www.wikidata.org/entity/Q2656174,Oum Hadjer
http://www.wikidata.org/entity/Q2472697,Ouro Sogui
http://www.wikidata.org/entity/Q1017735,Owen Sound
http://www.wikidata.org/entity/Q5255269,Padang Besar
http://www.wikidata.org/entity/Q24927921,"Pahadi, Rajasthan"
http://www.wikidata.org/entity/Q97619318,Palacio Carrizosa
http://www.wikidata.org/entity/Q488004,Palm Springs
http://www.wikidata.org/entity/Q742835,Palma Soriano
http://www.wikidata.org/entity/Q8826,"Palma, Majorca"
http://www.wikidata.org/entity/Q3315681,"Palma, Mozambique"
http://www.wikidata.org/entity/Q212289,Palmerston North
http://www.wikidata.org/entity/Q3133884,Palo Negro
http://www.wikidata.org/entity/Q2048389,Palos Blancos
http://www.wikidata.org/entity/Q3306,Panama City
http://www.wikidata.org/entity/Q593695,"Panna, India"
http://www.wikidata.org/entity/Q2475182,Pardes Hanna-Karkur
http://www.wikidata.org/entity/Q1018693,Pasir Gudang
http://www.wikidata.org/entity/Q6647,"Patan, Nepal"
http://www.wikidata.org/entity/Q51098,"Peñaflor, Chile"
http://www.wikidata.org/entity/Q23858165,"Pedernales, Ecuador"
http://www.wikidata.org/entity/Q490579,Pedra Badejo
http://www.wikidata.org/entity/Q11004410,Pedro Carbo
http://www.wikidata.org/entity/Q6069369,Pedro Luro
http://www.wikidata.org/entity/Q654169,"Penonomé, Coclé"
http://www.wikidata.org/entity/Q51111,"Pereira, Colombia"
http://www.wikidata.org/entity/Q2061265,Perito Moreno
http://www.wikidata.org/entity/Q203000,"Perth, Scotland"
http://www.wikidata.org/entity/Q190828,Petah Tikva
http://www.wikidata.org/entity/Q864965,Petaling Jaya
http://www.wikidata.org/entity/Q16734017,Petronia City
http://www.wikidata.org/entity/Q1850,Phnom Penh
http://www.wikidata.org/entity/Q386626,"Pickering, Ontario"
http://www.wikidata.org/entity/Q81562,Pico Truncado
http://www.wikidata.org/entity/Q1770214,Piedra Blanca
http://www.wikidata.org/entity/Q158488,Piekary Śląskie
http://www.wikidata.org/entity/Q7195018,Pindi Bhattian
http://www.wikidata.org/entity/Q713377,Pingtung City
http://www.wikidata.org/entity/Q999638,Piotrków Kujawski
http://www.wikidata.org/entity/Q158004,Piotrków Trybunalski
http://www.wikidata.org/entity/Q1369892,Pitt Meadows
http://www.wikidata.org/entity/Q3908531,Poros Municipality
http://www.wikidata.org/entity/Q162782,Port Antonio
http://www.wikidata.org/entity/Q7230482,Port Arthur
http://www.wikidata.org/entity/Q606288,Port Augusta
http://www.wikidata.org/entity/Q203476,Port Blair
http://www.wikidata.org/entity/Q424704,Port Colborne
http://www.wikidata.org/entity/Q125434,Port Elizabeth
http://www.wikidata.org/entity/Q1991268,Port Fuad
http://www.wikidata.org/entity/Q1635196,Port Loko
http://www.wikidata.org/entity/Q3929,Port Louis
http://www.wikidata.org/entity/Q606153,Port Macquarie
http://www.wikidata.org/entity/Q265115,Port Maria
http://www.wikidata.org/entity/Q1021638,Port Mathurin
http://www.wikidata.org/entity/Q776261,Port Moody
http://www.wikidata.org/entity/Q36526,Port Moresby
http://www.wikidata.org/entity/Q996786,Port Orford
http://www.wikidata.org/entity/Q134509,Port Said
http://www.wikidata.org/entity/Q2264924,port settlement
http://www.wikidata.org/entity/Q208718,Port Sudan
http://www.wikidata.org/entity/Q37806,Port Vila
http://www.wikidata.org/entity/Q1018592,Porto Amboim
http://www.wikidata.org/entity/Q489776,Porto Inglês
http://www.wikidata.org/entity/Q44238,"Posadas, Misiones"
http://www.wikidata.org/entity/Q24700892,post town
http://www.wikidata.org/entity/Q599678,Powell River
http://www.wikidata.org/entity/Q748149,prefecture-level city
http://www.wikidata.org/entity/Q184090,"Preston, Lancashire"
http://www.wikidata.org/entity/Q1422929,primate city
http://www.wikidata.org/entity/Q671431,Prince Albert
http://www.wikidata.org/entity/Q590205,Prince George
http://www.wikidata.org/entity/Q1015639,Prince Rupert
http://www.wikidata.org/entity/Q16933701,principal city
http://www.wikidata.org/entity/Q16878951,private town
http://www.wikidata.org/entity/Q83020,provincial city
http://www.wikidata.org/entity/Q11830645,Psie Pole
http://www.wikidata.org/entity/Q125293,Puebla City
http://www.wikidata.org/entity/Q600959,Pueblo Nuevo
http://www.wikidata.org/entity/Q51594,Puente Alto
http://www.wikidata.org/entity/Q97631836,Puerta Norte
http://www.wikidata.org/entity/Q3130855,Puerto Armuelles
http://www.wikidata.org/entity/Q372920,Puerto Ayacucho
http://www.wikidata.org/entity/Q1013526,Puerto Ayora
http://www.wikidata.org/entity/Q991400,Puerto Barrios
http://www.wikidata.org/entity/Q995695,Puerto Cabello
http://www.wikidata.org/entity/Q2058947,Puerto Castilla
http://www.wikidata.org/entity/Q673089,Puerto Cortés
http://www.wikidata.org/entity/Q923541,Puerto Deseado
http://www.wikidata.org/entity/Q55378,Puerto Iguazú
http://www.wikidata.org/entity/Q2075665,Puerto Lempira
http://www.wikidata.org/entity/Q748028,Puerto Madryn
http://www.wikidata.org/entity/Q541435,Puerto Maldonado
http://www.wikidata.org/entity/Q2290080,Puerto Ordaz
http://www.wikidata.org/entity/Q1938772,Puerto Padre
http://www.wikidata.org/entity/Q1506112,Puerto Pailas
http://www.wikidata.org/entity/Q3132040,Puerto Píritu
http://www.wikidata.org/entity/Q746968,Puerto Peñasco
http://www.wikidata.org/entity/Q1026312,Puerto Quito
http://www.wikidata.org/entity/Q842360,Puerto Rico
http://www.wikidata.org/entity/Q1014456,Puerto Suárez
http://www.wikidata.org/entity/Q853258,Puerto Vallarta
http://www.wikidata.org/entity/Q477148,Pul-e Khomri
http://www.wikidata.org/entity/Q603592,Punta Alta
http://www.wikidata.org/entity/Q883362,Punta Gorda
http://www.wikidata.org/entity/Q959021,Punta Prieta
http://www.wikidata.org/entity/Q1020279,Punto Fijo
http://www.wikidata.org/entity/Q676931,"Puyo, Pastaza"
http://www.wikidata.org/entity/Q491829,Qacha's Nek
http://www.wikidata.org/entity/Q10355792,Qalʻah-ye Zāl
http://www.wikidata.org/entity/Q3412434,Qart Hadasht
http://www.wikidata.org/entity/Q173121,Querétaro City
http://www.wikidata.org/entity/Q3276918,Quinte West
http://www.wikidata.org/entity/Q3414795,"Qurayyat, Oman"
http://www.wikidata.org/entity/Q5600202,"Qutur, Egypt"
http://www.wikidata.org/entity/Q617624,Râmnicu Sărat
http://www.wikidata.org/entity/Q867431,Radomyśl Wielki
http://www.wikidata.org/entity/Q991917,Radzyń Chełmiński
http://www.wikidata.org/entity/Q2195778,Rafael Calzada
http://www.wikidata.org/entity/Q281057,Rafael Freyre
http://www.wikidata.org/entity/Q3813233,"Ramachandrapuram, Medak"
http://www.wikidata.org/entity/Q192807,Ramat Gan
http://www.wikidata.org/entity/Q845866,Ramat HaSharon
http://www.wikidata.org/entity/Q1006165,Río Branco
http://www.wikidata.org/entity/Q178931,Río Cauto
http://www.wikidata.org/entity/Q3458581,Río Chico
http://www.wikidata.org/entity/Q44242,Río Gallegos
http://www.wikidata.org/entity/Q4394741,Río Grande
http://www.wikidata.org/entity/Q1937588,Río Segundo
http://www.wikidata.org/entity/Q994351,Río Tercero
http://www.wikidata.org/entity/Q2608901,Río Turbio
http://www.wikidata.org/entity/Q1023330,Ras al-Ayn
http://www.wikidata.org/entity/Q2126436,Ras al-Khaimah
http://www.wikidata.org/entity/Q1404020,Ras Gharib
http://www.wikidata.org/entity/Q58462,Ra's Lanuf
http://www.wikidata.org/entity/Q44208,"Rawson, Chubut"
http://www.wikidata.org/entity/Q8471,Reggio Calabria
http://www.wikidata.org/entity/Q13360,Reggio Emilia
http://www.wikidata.org/entity/Q13360,Reggio nell’Emilia
http://www.wikidata.org/entity/Q2123,"Regina, Saskatchewan"
http://www.wikidata.org/entity/Q3321405,Renala Khurd
http://www.wikidata.org/entity/Q23013122,Rey Bouba
http://www.wikidata.org/entity/Q1153061,Richard Toll
http://www.wikidata.org/entity/Q52998,Richmond Hill
http://www.wikidata.org/entity/Q2708772,Rio Rico
http://www.wikidata.org/entity/Q201051,Rishon LeZion
http://www.wikidata.org/entity/Q24929370,"Rithi, Katni"
http://www.wikidata.org/entity/Q1057594,River Cess
http://www.wikidata.org/entity/Q109296760,river city
http://www.wikidata.org/entity/Q7367138,Rosa Zárate
http://www.wikidata.org/entity/Q1020753,Rosarito Beach
http://www.wikidata.org/entity/Q3233991,Rose Hall
http://www.wikidata.org/entity/Q168202,Rosh HaAyin
http://www.wikidata.org/entity/Q3442746,Ross Béthio
http://www.wikidata.org/entity/Q13934,"Rubí, Barcelona"
http://www.wikidata.org/entity/Q19259,"Rubik, Albania"
http://www.wikidata.org/entity/Q108679,Ruda Śląska
http://www.wikidata.org/entity/Q49298269,Rukungiri Municipality
http://www.wikidata.org/entity/Q3719360,São Berto
http://www.wikidata.org/entity/Q2718745,São Domingos
http://www.wikidata.org/entity/Q13957085,São Filipe
http://www.wikidata.org/entity/Q174,São Paulo
http://www.wikidata.org/entity/Q3932,São Tomé
http://www.wikidata.org/entity/Q728412,"Sabaneta, Barinas"
http://www.wikidata.org/entity/Q2391830,Sabinas Hidalgo
http://www.wikidata.org/entity/Q4166063,Sadat City
http://www.wikidata.org/entity/Q27234,Safwa City
http://www.wikidata.org/entity/Q378879,Saidu Sharif
http://www.wikidata.org/entity/Q36262,Saint John's
http://www.wikidata.org/entity/Q7403122,"Saktigarh, Siliguri"
http://www.wikidata.org/entity/Q501656,Sal Rei
http://www.wikidata.org/entity/Q2038147,Salvador Mazza
http://www.wikidata.org/entity/Q2447267,"Salvatierra, Guanajuato"
http://www.wikidata.org/entity/Q31755139,"Sami, Paletwa"
http://www.wikidata.org/entity/Q116656,Samzhubzê District
http://www.wikidata.org/entity/Q1093479,San Antonio
http://www.wikidata.org/entity/Q1005725,San Bautista
http://www.wikidata.org/entity/Q2307472,San Borja
http://www.wikidata.org/entity/Q995718,San Carlos
http://www.wikidata.org/entity/Q559801,San Cristóbal
http://www.wikidata.org/entity/Q1018781,San Diego
http://www.wikidata.org/entity/Q965754,San Felipe
http://www.wikidata.org/entity/Q1023712,San Fernando
http://www.wikidata.org/entity/Q62,San Francisco
http://www.wikidata.org/entity/Q1754752,San Ignacio
http://www.wikidata.org/entity/Q2164117,San Isidro
http://www.wikidata.org/entity/Q525163,San Jacinto
http://www.wikidata.org/entity/Q1016047,San Javier
http://www.wikidata.org/entity/Q1026244,San Joaquín
http://www.wikidata.org/entity/Q1449543,San Jorge
http://www.wikidata.org/entity/Q3070,San José
http://www.wikidata.org/entity/Q14232164,San Jose
http://www.wikidata.org/entity/Q3947434,San Juan
http://www.wikidata.org/entity/Q938739,San Lorenzo
http://www.wikidata.org/entity/Q44243,San Luis
http://www.wikidata.org/entity/Q1848,San Marino
http://www.wikidata.org/entity/Q1806934,San Martín
http://www.wikidata.org/entity/Q3471566,San Mateo
http://www.wikidata.org/entity/Q672458,San Miguel
http://www.wikidata.org/entity/Q1134076,San Pablo
http://www.wikidata.org/entity/Q54119,San Pedro
http://www.wikidata.org/entity/Q2249597,San Quintín
http://www.wikidata.org/entity/Q23044,San Rafael
http://www.wikidata.org/entity/Q1784539,San Ramón
http://www.wikidata.org/entity/Q3110,San Salvador
http://www.wikidata.org/entity/Q19758976,San Sebastián
http://www.wikidata.org/entity/Q97628362,San Sixto
http://www.wikidata.org/entity/Q3115657,San Vicente
http://www.wikidata.org/entity/Q845720,Sancti Spíritus
http://www.wikidata.org/entity/Q3559093,sanctuary city
http://www.wikidata.org/entity/Q99735485,Sangla Hill
http://www.wikidata.org/entity/Q82500,Sankt Pölten
http://www.wikidata.org/entity/Q21764698,Sankt Vith
http://www.wikidata.org/entity/Q739664,Santa Ana
http://www.wikidata.org/entity/Q2283714,Santa Bárbara
http://www.wikidata.org/entity/Q1798241,Santa Catarina
http://www.wikidata.org/entity/Q211590,Santa Clara
http://www.wikidata.org/entity/Q2222888,Santa Cruz
http://www.wikidata.org/entity/Q2475908,Santa Elena
http://www.wikidata.org/entity/Q1014315,Santa Lucía
http://www.wikidata.org/entity/Q1027004,Santa Rita
http://www.wikidata.org/entity/Q14900639,Santa Rosa
http://www.wikidata.org/entity/Q34820,Santo Domingo
http://www.wikidata.org/entity/Q917330,Santo Tirso
http://www.wikidata.org/entity/Q1974445,Santo Tomás
http://www.wikidata.org/entity/Q2031463,Santo Tomé
http://www.wikidata.org/entity/Q47045335,Saparmyrat Türkmenbaşy
http://www.wikidata.org/entity/Q1783586,Sarandí Grande
http://www.wikidata.org/entity/Q1011256,"Saray, Tekirdağ"
http://www.wikidata.org/entity/Q1649301,Sar-e Pol
http://www.wikidata.org/entity/Q867704,Sędziszów Małopolski
http://www.wikidata.org/entity/Q324888,Sępólno Krajeńskie
http://www.wikidata.org/entity/Q4120581,Sayyidah Zaynab
http://www.wikidata.org/entity/Q3308397,Sehwan Sharif
http://www.wikidata.org/entity/Q3478042,Sela Dingay
http://www.wikidata.org/entity/Q10955509,"Selangau, Sarawak"
http://www.wikidata.org/entity/Q145764,Selat Panjang
http://www.wikidata.org/entity/Q1605894,Seleucia Pieria
http://www.wikidata.org/entity/Q37800986,Serbian city
http://www.wikidata.org/entity/Q7461493,Shahbazpur Town
http://www.wikidata.org/entity/Q24887144,Shahidnagar Danda
http://www.wikidata.org/entity/Q644,Sharm el-Sheikh
http://www.wikidata.org/entity/Q377588,Sheikh Othman
http://www.wikidata.org/entity/Q2663513,Shibin el-Qanater
http://www.wikidata.org/entity/Q269960,Shubra El-Kheima
http://www.wikidata.org/entity/Q1650017,Sidi Abdelaziz
http://www.wikidata.org/entity/Q4418748,Sidi Bennour
http://www.wikidata.org/entity/Q632361,Sidi Ifni
http://www.wikidata.org/entity/Q2089594,Sidi Kacem
http://www.wikidata.org/entity/Q2359952,Sidi Slimane
http://www.wikidata.org/entity/Q11711,Siem Reap
http://www.wikidata.org/entity/Q158485,Siemianowice Śląskie
http://www.wikidata.org/entity/Q26761871,Simón Bolívar
http://www.wikidata.org/entity/Q7524554,"Sinkat, Sudan"
http://www.wikidata.org/entity/Q69744376,Sint Vincentius
http://www.wikidata.org/entity/Q990709,Sipe Sipe
http://www.wikidata.org/entity/Q14220534,Siwa Town
http://www.wikidata.org/entity/Q991263,"Slatina, Croatia"
http://www.wikidata.org/entity/Q15918,Slovenj Gradec
http://www.wikidata.org/entity/Q15917,Slovenska Bistrica
http://www.wikidata.org/entity/Q1231558,smart city
http://www.wikidata.org/entity/Q867039,Sokołów Małopolski
http://www.wikidata.org/entity/Q161912,Solec Kujawski
http://www.wikidata.org/entity/Q49298286,Soroti Municipality
http://www.wikidata.org/entity/Q63884249,Sortino diruta
http://www.wikidata.org/entity/Q2215428,"Souillac, Mauritius"
http://www.wikidata.org/entity/Q4165411,Souq al-Shuyukh
http://www.wikidata.org/entity/Q131233,South Tarawa
http://www.wikidata.org/entity/Q846939,Spanish Town
http://www.wikidata.org/entity/Q482810,special city
http://www.wikidata.org/entity/Q63441182,Sponge city
http://www.wikidata.org/entity/Q2181742,Sri Aman
http://www.wikidata.org/entity/Q490883,Sri Ganganagar
http://www.wikidata.org/entity/Q6226,St Albans
http://www.wikidata.org/entity/Q548248,St Asaph
http://www.wikidata.org/entity/Q648732,St Davids
http://www.wikidata.org/entity/Q126805,St. Catharines
http://www.wikidata.org/entity/Q41547,St. George's
http://www.wikidata.org/entity/Q36262,St. John's
http://www.wikidata.org/entity/Q82500,St. Pölten
http://www.wikidata.org/entity/Q78745614,staple town
http://www.wikidata.org/entity/Q1280257,Stary Sącz
http://www.wikidata.org/entity/Q844417,Stone Town
http://www.wikidata.org/entity/Q1651059,Stony Hill
http://www.wikidata.org/entity/Q1025304,Stronie Śląskie
http://www.wikidata.org/entity/Q717399,Strzelce Krajeńskie
http://www.wikidata.org/entity/Q510827,Strzelce Opolskie
http://www.wikidata.org/entity/Q10859501,Stung Treng
http://www.wikidata.org/entity/Q876876,Subang Jaya
http://www.wikidata.org/entity/Q250811,sub-province-level division
http://www.wikidata.org/entity/Q738187,Sultan Bathery
http://www.wikidata.org/entity/Q30066733,Sundar Basti
http://www.wikidata.org/entity/Q4189057,Supernumerary town
http://www.wikidata.org/entity/Q2390618,Sus al-Aksa
http://www.wikidata.org/entity/Q652360,sustainable city
http://www.wikidata.org/entity/Q59086,Suva Reka
http://www.wikidata.org/entity/Q10861438,Svay Rieng
http://www.wikidata.org/entity/Q366907,Sveti Nikole
http://www.wikidata.org/entity/Q2305836,Swan Hill
http://www.wikidata.org/entity/Q21857891,Swedish city
http://www.wikidata.org/entity/Q619937,Swift Current
http://www.wikidata.org/entity/Q13670,"Syracuse, Sicily"
http://www.wikidata.org/entity/Q2092448,Tafí Viejo
http://www.wikidata.org/entity/Q15895448,Tainan City
http://www.wikidata.org/entity/Q713381,Taitung City
http://www.wikidata.org/entity/Q990427,Tal Afar
http://www.wikidata.org/entity/Q61074099,Talwandi Bhindran
http://www.wikidata.org/entity/Q19876621,Tamaki City
http://www.wikidata.org/entity/Q2678458,Tanah Rata
http://www.wikidata.org/entity/Q1250417,Tando Allahyar
http://www.wikidata.org/entity/Q3136729,Tangin Dassouri
http://www.wikidata.org/entity/Q14236161,Tanjung Batu
http://www.wikidata.org/entity/Q115256,Taoyuan City
http://www.wikidata.org/entity/Q7684735,Taposiris Magna
http://www.wikidata.org/entity/Q23808330,Tarun Bazaar
http://www.wikidata.org/entity/Q3243471,Taunsa Sharif
http://www.wikidata.org/entity/Q33935,Tel Aviv
http://www.wikidata.org/entity/Q1896205,Tell Abyad
http://www.wikidata.org/entity/Q7697381,Tell Ashtara
http://www.wikidata.org/entity/Q7697909,Teluk Kumbar
http://www.wikidata.org/entity/Q1982768,Temiskaming Shores
http://www.wikidata.org/entity/Q207972,"Tepic, Nayarit"
http://www.wikidata.org/entity/Q1010985,Tetri Tsqaro
http://www.wikidata.org/entity/Q104050371,Thủ Đức
http://www.wikidata.org/entity/Q18389044,Thari Mirwah
http://www.wikidata.org/entity/Q41795540,The Hague
http://www.wikidata.org/entity/Q104772074,The Line
http://www.wikidata.org/entity/Q30994,The Valley
http://www.wikidata.org/entity/Q15141632,Thesaban Nakhon
http://www.wikidata.org/entity/Q1098057,Thuận An
http://www.wikidata.org/entity/Q34116,Thunder Bay
http://www.wikidata.org/entity/Q5398364,Tierras Blancas
http://www.wikidata.org/entity/Q11951823,Tifernum Metaurense
http://www.wikidata.org/entity/Q2511670,"Tima, Egypt"
http://www.wikidata.org/entity/Q1974467,Tingo María
http://www.wikidata.org/entity/Q168215,Tirat Carmel
http://www.wikidata.org/entity/Q630533,"Tire, İzmir"
http://www.wikidata.org/entity/Q165857,"Tokorozawa, Saitama"
http://www.wikidata.org/entity/Q49298293,Tororo Municipality
http://www.wikidata.org/entity/Q264679,Trenque Lauquen
http://www.wikidata.org/entity/Q2077013,Tres Arroyos
http://www.wikidata.org/entity/Q641130,"Triolet, Mauritius"
http://www.wikidata.org/entity/Q14222058,True Blue
http://www.wikidata.org/entity/Q273863,"Tsukuba, Ibaraki"
http://www.wikidata.org/entity/Q7856500,Turubah governorate
http://www.wikidata.org/entity/Q1023334,Tuz Khormato
http://www.wikidata.org/entity/Q7877316,"Udu, Nigeria"
http://www.wikidata.org/entity/Q23430,Ulan Bator
http://www.wikidata.org/entity/Q168245,Umm al-Fahm
http://www.wikidata.org/entity/Q842407,Umm Qasr
http://www.wikidata.org/entity/Q2618048,Umm Ruwaba
http://www.wikidata.org/entity/Q1187811,university town
http://www.wikidata.org/entity/Q25056931,Unwana city
http://www.wikidata.org/entity/Q25388976,Upper Bayang
http://www.wikidata.org/entity/Q166002,Upper Hutt
http://www.wikidata.org/entity/Q5373099,Ur Kaśdim
http://www.wikidata.org/entity/Q1524575,Ura Vajgurore
http://www.wikidata.org/entity/Q12015578,Urban municipality
http://www.wikidata.org/entity/Q898132,Urban structure
http://www.wikidata.org/entity/Q280929,Urbano Noris
http://www.wikidata.org/entity/Q2580372,Usta Mohammad
http://www.wikidata.org/entity/Q1906346,Ustrzyki Dolne
http://www.wikidata.org/entity/Q783749,"Vale, Georgia"
http://www.wikidata.org/entity/Q54880,"Valencia, Carabobo"
http://www.wikidata.org/entity/Q2129610,Valentín Alsina
http://www.wikidata.org/entity/Q83061,"Van, Turkey"
http://www.wikidata.org/entity/Q5351224,Velasco Ibarra
http://www.wikidata.org/entity/Q11878638,Velká Olomouc
http://www.wikidata.org/entity/Q1889146,Venado Tuerto
http://www.wikidata.org/entity/Q21176,"Viborg, Denmark"
http://www.wikidata.org/entity/Q1997282,Vicente Guerrero
http://www.wikidata.org/entity/Q1015796,Victor Harbor
http://www.wikidata.org/entity/Q1393804,Victoria Falls
http://www.wikidata.org/entity/Q200999,"Victoria, Chile"
http://www.wikidata.org/entity/Q10390786,Vila Estoril
http://www.wikidata.org/entity/Q1657303,Villa Ángela
http://www.wikidata.org/entity/Q2276572,Villa Adelina
http://www.wikidata.org/entity/Q2226347,Villa Ballester
http://www.wikidata.org/entity/Q174266,Villa Canales
http://www.wikidata.org/entity/Q3723441,Villa Centenario
http://www.wikidata.org/entity/Q2584195,Villa Constitución
http://www.wikidata.org/entity/Q3724048,Villa Domínico
http://www.wikidata.org/entity/Q9093772,Villa Elvira
http://www.wikidata.org/entity/Q2527509,Villa Fiorito
http://www.wikidata.org/entity/Q2064953,Villa Krause
http://www.wikidata.org/entity/Q2525523,Villa María
http://www.wikidata.org/entity/Q1756745,Villa Mercedes
http://www.wikidata.org/entity/Q3348291,Villa Salvación
http://www.wikidata.org/entity/Q842355,Villa Serrano
http://www.wikidata.org/entity/Q1514901,Villa Soriano
http://www.wikidata.org/entity/Q3722972,Villa Tesei
http://www.wikidata.org/entity/Q1860785,Villa Tunari
http://www.wikidata.org/entity/Q3786686,Villa Udaondo
http://www.wikidata.org/entity/Q1506556,Villa Yapacaní
http://www.wikidata.org/entity/Q7958913,Wad Banda
http://www.wikidata.org/entity/Q852528,Wad Madani
http://www.wikidata.org/entity/Q1020997,Wadi Al-Seer
http://www.wikidata.org/entity/Q740865,Wadi Halfa
http://www.wikidata.org/entity/Q459600,Wagga Wagga
http://www.wikidata.org/entity/Q1251261,Wah Cantonment
http://www.wikidata.org/entity/Q782760,Waitakere City
http://www.wikidata.org/entity/Q220843,Walvis Bay
http://www.wikidata.org/entity/Q48731532,Warangal Tri-City
http://www.wikidata.org/entity/Q3567301,Were Ilu
http://www.wikidata.org/entity/Q25396900,West Coast
http://www.wikidata.org/entity/Q5958093,West Kelowna
http://www.wikidata.org/entity/Q131612,Wiener Neustadt
http://www.wikidata.org/entity/Q3816731,Yaguachi Nuevo
http://www.wikidata.org/entity/Q167582,Yokneam Illit
http://www.wikidata.org/entity/Q249122,Złoty Stok
http://www.wikidata.org/entity/Q246693,Ząbkowice Śląskie
http://www.wikidata.org/entity/Q8064579,"Zagórze, Sosnowiec"
http://www.wikidata.org/entity/Q1892445,Zama Regia
http://www.wikidata.org/entity/Q107658630,Zamora city
http://www.wikidata.org/entity/Q2222874,Zanzibar City
http://www.wikidata.org/entity/Q3574797,Zaouiet Sousse
http://www.wikidata.org/entity/Q147402,"Zapopan, Jalisco"
http://www.wikidata.org/entity/Q8069436,zero-carbon city
http://www.wikidata.org/entity/Q104720,Zielona Góra
http://www.wikidata.org/entity/Q97622693,Zoco Córdoba
